F83,F71-grobmeier@apache.org,F71-rpopma@unknown,F71-rgoers@apache.org,F71-mattsicker@apache.org,F71-nickwilliams@unknown,F71-remkop@yahoo.com,F71-mattsicker@unknown,F71-sdeboy@apache.org,F71-bbrouwer@unknown,F71-ggregory@apache.org,F71-rgoers@nextiva.com,F71-rpopma@apache.org,F71-ralph.goers@dslextreme.com,F71-carnold@apache.org,F71-garydgregory@gmail.com,F74,F85,F73,F84,F146,F147,
874,0,1,1,0,0,0,1,0,0,1,0,0,0,0,0,5726,1,8968,10,4862,4855,
874,0,1,1,0,0,0,1,0,0,1,0,0,0,0,0,5726,1,8968,10,4862,4855,
446,0,0,0,0,0,0,0,1,0,1,0,0,0,0,1,5298,1,8968,10,4862,4855,
446,0,0,1,0,0,0,0,1,0,1,0,0,0,0,1,5298,1,8968,10,4862,4855,
56,0,0,1,0,0,0,0,0,0,1,0,0,0,0,1,4908,1,8968,10,4862,4855,
56,0,0,1,0,0,0,0,0,0,1,0,0,0,0,1,4908,1,8968,10,4862,4855,
56,0,0,1,0,0,0,0,0,0,1,0,0,0,0,1,4908,1,8968,10,4862,4855,
56,0,0,1,0,0,0,0,0,0,1,0,0,0,0,1,4908,1,8968,10,4862,4855,
56,0,0,1,0,0,0,0,0,0,1,0,0,0,0,1,4908,1,8968,10,4862,4855,
56,0,0,1,0,0,0,0,0,0,1,0,0,0,0,1,4908,1,8968,10,4862,4855,
56,0,0,1,0,0,0,0,0,0,1,0,0,0,0,1,4908,1,8968,10,4862,4855,
56,0,0,1,0,0,0,0,0,0,1,0,0,0,0,1,4908,1,8968,10,4862,4855,
56,0,0,1,0,0,0,0,0,0,1,0,0,0,0,1,4908,1,8968,10,4862,4855,
56,0,0,1,0,0,0,0,0,0,1,0,0,0,0,1,4908,1,8968,10,4862,4855,
56,0,0,1,0,0,0,0,0,0,1,0,0,0,0,1,4908,1,8968,10,4862,4855,
56,0,0,1,0,0,0,0,0,0,1,0,0,0,0,1,4908,1,8968,10,4862,4855,
56,0,0,1,0,0,0,0,0,0,1,0,0,0,0,1,4908,1,8968,10,4862,4855,
56,0,0,1,0,0,0,0,0,0,1,0,0,0,0,1,4908,1,8968,10,4862,4855,
54,0,1,1,0,1,0,1,0,0,1,0,0,0,0,1,4906,1,8968,10,4862,4855,
233,0,0,1,1,1,0,0,0,0,1,0,0,0,0,1,5081,1,8968,10,4862,4855,
233,0,0,1,1,1,0,0,0,0,1,0,0,0,0,1,5081,1,8968,10,4862,4855,
59,0,0,0,0,0,0,0,0,0,0,0,0,0,0,1,4911,1,8968,10,4862,4855,
1573,0,0,0,0,0,0,0,0,0,1,0,0,0,0,0,6425,1,8968,924,5776,4855,
1573,0,0,1,0,0,0,0,0,0,1,0,0,0,0,0,6425,1,8968,924,5776,4855,
1573,0,0,0,0,0,0,0,0,0,1,0,0,0,0,0,6425,1,8968,924,5776,4855,
1573,0,0,0,0,0,0,0,0,0,1,0,0,0,0,0,6425,1,8968,924,5776,4855,
1678,0,0,0,0,0,0,0,0,0,1,0,0,0,0,0,6530,1,8968,924,5776,4855,
1676,0,1,1,0,0,0,0,1,0,1,0,0,0,0,0,6528,1,8968,1676,6528,4855,
1676,0,1,1,0,0,0,0,1,0,1,0,0,0,0,0,6528,1,8968,1676,6528,4855,
1676,0,1,1,0,0,0,0,1,0,1,0,0,0,0,0,6528,1,8968,1676,6528,4855,
1676,0,1,1,0,0,0,0,1,0,1,0,0,0,0,0,6528,1,8968,1676,6528,4855,
1676,0,1,1,0,0,0,0,1,0,1,0,0,0,0,0,6528,1,8968,1676,6528,4855,
1676,0,1,1,0,0,0,0,1,0,1,0,0,0,0,0,6528,1,8968,1676,6528,4855,
1676,0,1,1,0,0,0,0,1,0,1,0,0,0,0,0,6528,1,8968,1676,6528,4855,
1676,0,1,1,0,0,0,0,1,0,1,0,0,0,0,0,6528,1,8968,1676,6528,4855,
1680,0,0,0,0,0,0,0,0,0,1,0,0,0,0,0,6532,1,8968,1676,6528,4855,
1256,0,1,1,0,1,0,0,0,0,1,0,0,0,0,0,6108,1,8968,105,4957,4855,
1256,0,1,1,0,1,0,0,0,0,1,0,0,0,0,0,6108,1,8968,105,4957,4855,
1256,0,1,1,0,1,0,0,0,0,1,0,0,0,0,0,6108,1,8968,105,4957,4855,
1256,0,1,1,0,1,0,0,0,0,1,0,0,0,0,0,6108,1,8968,105,4957,4855,
1256,0,1,1,0,1,0,0,0,0,1,0,0,0,0,0,6108,1,8968,105,4957,4855,
1256,0,1,1,0,1,0,0,0,0,1,0,0,0,0,0,6108,1,8968,105,4957,4855,
1256,0,1,1,0,1,0,0,0,0,1,0,0,0,0,0,6108,1,8968,105,4957,4855,
1256,0,1,1,0,1,0,0,0,0,1,0,0,0,0,0,6108,1,8968,105,4957,4855,
1256,0,1,1,0,1,0,0,0,0,1,0,0,0,0,0,6108,1,8968,105,4957,4855,
1256,0,1,1,0,1,0,0,0,0,1,0,0,0,0,0,6108,1,8968,105,4957,4855,
1256,0,1,1,0,1,0,0,0,0,1,0,0,0,0,0,6108,1,8968,105,4957,4855,
1256,0,1,1,0,1,0,0,0,0,1,0,0,0,0,0,6108,1,8968,105,4957,4855,
1256,0,1,1,0,1,0,0,0,0,1,0,0,0,0,0,6108,1,8968,105,4957,4855,
1561,0,0,1,0,0,0,0,0,0,1,0,0,0,0,0,6413,1,8968,105,4957,4855,
1612,0,0,0,0,0,0,1,0,0,1,0,0,0,0,0,6464,1,8968,105,4957,4855,
1612,0,0,0,0,0,0,1,0,0,1,0,0,0,0,0,6464,1,8968,105,4957,4855,
2544,0,0,1,0,0,0,0,0,0,1,0,0,0,0,0,7397,1,8968,105,4957,4855,
194,0,0,0,1,0,0,1,0,0,1,0,0,0,0,0,5046,1,8968,105,4957,4855,
1561,0,1,1,0,0,0,0,0,0,1,0,0,0,0,0,6413,1,8968,105,4957,4855,
1561,0,1,1,0,0,0,0,0,0,1,0,0,0,0,0,6413,1,8968,105,4957,4855,
1561,0,1,1,0,0,0,0,0,0,1,0,0,0,0,0,6413,1,8968,105,4957,4855,
373,0,0,1,1,1,0,1,0,1,1,0,1,0,0,1,5223,1,8968,105,4957,4855,
1200,0,0,1,0,0,0,0,0,0,0,0,0,0,0,0,6052,1,8968,105,4957,4855,
1200,0,0,1,0,0,0,0,0,0,0,0,0,0,0,0,6052,1,8968,105,4957,4855,
1200,0,0,1,0,0,0,0,0,0,0,0,0,0,0,0,6052,1,8968,105,4957,4855,
1200,0,0,1,0,0,0,0,0,0,0,0,0,0,0,0,6052,1,8968,105,4957,4855,
331,0,0,1,0,1,0,1,0,0,1,0,0,0,0,1,5183,1,8968,105,4957,4855,
331,0,0,1,0,1,0,1,0,0,1,0,0,0,0,1,5183,1,8968,105,4957,4855,
331,0,0,0,0,1,0,1,0,0,1,0,0,0,0,1,5183,1,8968,105,4957,4855,
331,0,0,0,0,1,0,1,0,0,1,0,0,0,0,1,5183,1,8968,105,4957,4855,
331,0,0,0,0,1,0,1,0,0,1,0,0,0,0,1,5183,1,8968,105,4957,4855,
331,0,0,0,0,1,0,1,0,0,1,0,0,0,0,1,5183,1,8968,105,4957,4855,
331,0,0,0,0,1,0,1,0,0,1,0,0,0,0,1,5183,1,8968,105,4957,4855,
331,0,0,0,0,1,0,1,0,0,1,0,0,0,0,1,5183,1,8968,105,4957,4855,
331,0,0,0,0,1,0,1,0,0,1,0,0,0,0,1,5183,1,8968,105,4957,4855,
331,0,0,0,0,1,0,1,0,0,1,0,0,0,0,1,5183,1,8968,105,4957,4855,
331,0,0,0,0,1,0,1,0,0,1,0,0,0,0,1,5183,1,8968,105,4957,4855,
331,0,0,0,0,1,0,1,0,0,1,0,0,0,0,1,5183,1,8968,105,4957,4855,
331,0,0,0,0,1,0,1,0,0,1,0,0,0,0,1,5183,1,8968,105,4957,4855,
331,0,0,0,0,1,0,1,0,0,1,0,0,0,0,1,5183,1,8968,105,4957,4855,
331,0,0,0,0,1,0,1,0,0,1,0,0,0,0,1,5183,1,8968,105,4957,4855,
331,0,0,0,0,1,0,1,0,0,1,0,0,0,0,1,5183,1,8968,105,4957,4855,
331,0,0,0,0,1,0,1,0,0,1,0,0,0,0,1,5183,1,8968,105,4957,4855,
331,0,0,0,0,1,0,1,0,0,1,0,0,0,0,1,5183,1,8968,105,4957,4855,
331,0,0,0,0,1,0,1,0,0,1,0,0,0,0,1,5183,1,8968,105,4957,4855,
331,0,0,0,0,0,0,1,0,0,0,0,0,0,0,1,5183,1,8968,105,4957,4855,
331,0,0,0,0,1,0,1,0,0,1,0,0,0,0,1,5183,1,8968,105,4957,4855,
331,0,0,0,0,1,0,1,0,0,1,0,0,0,0,1,5183,1,8968,105,4957,4855,
331,0,0,0,0,1,0,1,0,0,1,0,0,0,0,1,5183,1,8968,105,4957,4855,
331,0,0,0,0,1,0,1,0,0,1,0,0,0,0,1,5183,1,8968,105,4957,4855,
739,0,1,1,0,0,0,1,0,0,1,0,0,0,0,1,5590,1,8968,105,4957,4855,
739,0,1,1,0,0,0,1,0,0,1,0,0,0,0,1,5590,1,8968,105,4957,4855,
394,0,1,1,0,0,0,1,0,0,1,0,0,0,0,1,5245,1,8968,105,4957,4855,
394,0,1,1,0,0,0,1,0,0,1,0,0,0,0,1,5245,1,8968,105,4957,4855,
1561,0,1,0,0,0,0,0,0,0,1,0,0,0,0,0,6413,1,8968,105,4957,4855,
1561,0,1,1,0,0,0,0,0,0,1,0,0,0,0,0,6413,1,8968,105,4957,4855,
265,0,1,0,1,0,0,1,0,0,1,0,0,0,0,0,5116,1,8968,68,4920,4855,
1522,0,1,0,0,0,0,1,0,0,1,0,0,0,0,0,6374,1,8968,68,4920,4855,
866,0,1,1,0,0,0,1,0,0,1,0,0,0,0,0,5718,1,8968,68,4920,4855,
866,0,1,1,0,0,0,1,0,0,1,0,0,0,0,0,5718,1,8968,68,4920,4855,
866,0,1,1,0,0,0,1,0,0,1,0,0,0,0,0,5718,1,8968,68,4920,4855,
1522,0,0,0,0,0,0,1,0,0,0,0,0,0,0,0,6374,1,8968,68,4920,4855,
265,0,1,0,1,0,0,1,0,0,1,0,0,0,0,0,5116,1,8968,68,4920,4855,
265,0,1,1,1,0,0,1,0,0,1,0,0,0,0,0,5116,1,8968,68,4920,4855,
265,0,1,1,1,0,0,1,0,0,1,0,0,0,0,0,5116,1,8968,68,4920,4855,
1522,0,0,0,0,0,0,1,0,0,0,0,0,0,0,0,6374,1,8968,68,4920,4855,
1522,0,1,1,0,0,0,1,0,0,1,0,0,0,0,0,6374,1,8968,68,4920,4855,
1522,0,0,0,0,0,0,1,0,0,0,0,0,0,0,0,6374,1,8968,68,4920,4855,
265,0,0,0,1,0,0,1,0,0,0,0,0,0,0,0,5116,1,8968,68,4920,4855,
265,0,1,1,1,0,0,1,0,0,1,0,0,0,0,0,5116,1,8968,68,4920,4855,
265,0,1,1,1,0,0,1,0,0,1,0,0,0,0,0,5116,1,8968,68,4920,4855,
70,0,0,0,0,0,0,0,0,0,0,0,0,0,0,1,4922,1,8968,68,4920,4855,
1148,0,0,0,0,0,0,1,0,0,1,0,0,0,0,0,6000,1,8968,68,4920,4855,
68,0,0,0,0,0,0,1,0,0,0,0,0,0,0,1,4920,1,8968,68,4920,4855,
68,0,0,0,0,0,0,1,0,0,0,0,0,0,0,1,4920,1,8968,68,4920,4855,
68,0,1,0,0,0,0,1,0,0,1,0,0,0,0,1,4920,1,8968,68,4920,4855,
1552,0,1,1,0,0,0,0,0,0,1,0,0,0,0,0,6404,1,8968,68,4920,4855,
1552,0,1,1,0,0,0,0,0,0,1,0,0,0,0,0,6404,1,8968,68,4920,4855,
77,0,1,1,0,0,0,1,0,0,1,0,0,0,1,1,4929,1,8968,68,4920,4855,
77,0,1,1,0,0,0,1,0,0,1,0,0,0,1,1,4929,1,8968,68,4920,4855,
77,0,1,1,0,0,0,1,0,0,1,0,0,0,1,1,4929,1,8968,68,4920,4855,
83,0,1,1,1,0,0,1,0,0,1,0,0,1,1,1,4935,1,8968,68,4920,4855,
1148,0,0,0,0,0,0,1,0,0,1,0,0,0,0,0,6000,1,8968,68,4920,4855,
1148,0,0,0,0,0,0,0,0,0,1,0,0,0,0,0,6000,1,8968,68,4920,4855,
394,0,0,1,0,0,0,1,0,0,0,0,0,0,0,1,5245,1,8968,68,4920,4855,
394,0,1,1,0,0,0,1,0,0,1,0,0,0,0,1,5245,1,8968,68,4920,4855,
1518,0,0,0,0,0,0,1,0,0,0,0,0,0,0,0,6370,1,8968,68,4920,4855,
1518,0,1,1,0,0,0,1,0,0,1,0,0,0,0,0,6370,1,8968,68,4920,4855,
1148,0,0,0,0,0,0,1,0,0,1,0,0,0,0,0,6000,1,8968,68,4920,4855,
1518,0,0,0,0,0,0,1,0,0,0,0,0,0,0,0,6370,1,8968,68,4920,4855,
1516,0,1,1,0,0,0,1,0,0,1,0,0,0,0,0,6368,1,8968,68,4920,4855,
1516,0,1,1,0,0,0,1,0,0,1,0,0,0,0,0,6368,1,8968,68,4920,4855,
1516,0,1,1,0,0,0,1,0,0,1,0,0,0,0,0,6368,1,8968,68,4920,4855,
1516,0,1,1,0,0,0,1,0,0,1,0,0,0,0,0,6368,1,8968,68,4920,4855,
1495,0,0,0,0,0,0,0,0,0,1,0,0,0,0,0,6347,1,8968,68,4920,4855,
1519,0,0,0,0,0,0,1,0,0,0,0,0,0,0,0,6371,1,8968,68,4920,4855,
1519,0,0,0,0,0,0,1,0,0,1,0,0,0,0,0,6371,1,8968,68,4920,4855,
1519,0,0,1,0,0,0,1,0,0,1,0,0,0,0,0,6371,1,8968,68,4920,4855,
1519,0,0,1,0,0,0,1,0,0,1,0,0,0,0,0,6371,1,8968,68,4920,4855,
70,0,1,0,0,0,0,0,0,0,0,0,0,0,0,1,4922,1,8968,68,4920,4855,
70,0,1,0,0,0,0,0,0,0,0,0,0,0,0,1,4922,1,8968,68,4920,4855,
1963,0,0,1,0,0,0,1,0,0,1,0,0,0,0,0,6816,1,8968,113,4965,4855,
1494,0,0,0,0,0,0,0,0,0,1,0,0,0,0,0,6346,1,8968,68,4920,4855,
1494,0,0,0,0,0,0,0,0,0,1,0,0,0,0,0,6346,1,8968,68,4920,4855,
359,0,1,0,0,0,0,1,0,0,1,0,1,0,0,1,5211,1,8968,3,4855,4855,
427,0,0,1,1,0,0,1,0,0,1,0,0,0,0,0,5270,1,8968,41,4893,4855,
359,0,1,1,0,1,0,1,0,0,1,0,1,0,0,1,5211,1,8968,3,4855,4855,
359,0,1,1,0,1,0,1,0,0,1,0,1,0,0,1,5211,1,8968,3,4855,4855,
359,0,1,1,0,1,0,1,0,0,1,0,1,0,0,1,5211,1,8968,3,4855,4855,
359,0,1,1,0,1,0,1,0,0,1,0,1,0,0,1,5211,1,8968,3,4855,4855,
359,0,1,1,0,1,0,1,0,0,1,0,1,0,0,1,5211,1,8968,3,4855,4855,
17,0,1,0,0,0,0,1,0,0,1,0,0,0,0,1,4869,1,8968,3,4855,4855,
3,0,1,1,1,1,0,1,0,0,1,0,0,0,0,1,4855,1,8968,3,4855,4855,
590,0,1,1,1,0,0,1,0,0,1,0,0,0,0,1,5442,1,8968,3,4855,4855,
590,0,1,1,1,0,0,1,0,0,1,0,0,0,0,1,5442,1,8968,3,4855,4855,
133,0,1,1,0,1,0,1,0,0,1,0,0,0,0,1,4985,1,8968,3,4855,4855,
15,0,1,1,0,0,0,1,1,0,1,0,0,0,0,1,4867,1,8968,3,4855,4855,
15,0,1,1,0,0,0,1,1,0,1,0,0,0,0,1,4867,1,8968,3,4855,4855,
15,0,1,1,0,0,0,1,1,0,1,0,0,0,0,1,4867,1,8968,3,4855,4855,
15,0,1,1,0,0,0,1,1,0,1,0,0,0,0,1,4867,1,8968,3,4855,4855,
15,0,1,1,0,0,0,1,1,0,1,0,0,0,0,1,4867,1,8968,3,4855,4855,
2544,0,0,1,0,0,0,0,0,0,1,0,0,0,0,0,7397,1,8968,3,4855,4855,
868,0,1,1,0,1,0,1,1,0,1,0,0,0,0,0,5720,1,8968,3,4855,4855,
1148,0,1,1,0,0,0,1,1,0,1,0,0,0,0,0,6000,1,1275,3,4855,4855,
1148,0,1,1,0,0,0,1,0,0,1,0,0,0,0,0,6000,1,1275,3,4855,4855,
1148,0,1,1,0,0,0,1,1,0,1,0,0,0,0,0,6000,1,1275,3,4855,4855,
1148,0,1,1,0,0,0,1,0,0,1,0,0,0,0,0,6000,1,1275,3,4855,4855,
1148,0,1,1,0,0,0,1,1,0,1,0,0,0,0,0,6000,1,1275,3,4855,4855,
1194,0,1,1,0,1,0,0,1,0,1,0,0,0,0,0,6046,1,8968,3,4855,4855,
1487,0,0,0,0,0,0,0,0,0,1,0,0,0,0,0,6339,1,1275,3,4855,4855,
1487,0,0,0,0,0,0,0,0,0,1,0,0,0,0,0,6339,1,1275,3,4855,4855,
329,0,0,0,0,0,0,0,0,0,0,0,1,0,0,1,5181,1,8968,3,4855,4855,
329,0,0,0,0,0,0,0,0,0,0,0,1,0,0,1,5181,1,8968,3,4855,4855,
329,0,0,0,0,0,0,0,0,0,0,0,1,0,0,1,5181,1,8968,3,4855,4855,
390,0,0,0,0,0,0,0,0,0,0,0,1,0,0,1,5246,1,8968,3,4855,4855,
390,0,0,0,0,0,0,0,0,0,0,0,1,0,0,1,5246,1,8968,3,4855,4855,
415,0,0,0,0,0,0,0,0,0,0,0,1,0,0,0,5278,1,8968,3,4855,4855,
415,0,0,0,0,0,0,0,0,0,0,0,1,0,0,0,5278,1,8968,3,4855,4855,
415,0,0,0,0,0,0,0,0,0,0,0,1,0,0,0,5278,1,8968,3,4855,4855,
415,0,0,0,0,0,0,0,0,0,0,0,1,0,0,0,5278,1,8968,3,4855,4855,
5,0,0,0,0,0,0,0,0,0,0,0,1,0,0,1,4857,1,8968,3,4855,4855,
5,0,0,0,0,0,0,0,0,0,0,0,1,0,0,1,4857,1,8968,3,4855,4855,
5,0,0,0,0,0,0,0,0,0,0,0,1,0,0,1,4857,1,8968,3,4855,4855,
5,0,0,0,0,0,0,0,0,0,0,0,1,0,0,1,4857,1,8968,3,4855,4855,
415,0,0,0,0,0,0,0,0,0,0,0,1,0,0,0,5278,1,8968,3,4855,4855,
415,0,0,0,0,0,0,0,0,0,0,0,1,0,0,0,5278,1,8968,3,4855,4855,
415,0,0,0,0,0,0,0,0,0,0,0,1,0,0,0,5278,1,8968,3,4855,4855,
1082,0,0,1,0,0,0,0,0,0,1,0,0,0,0,0,5934,1,8968,3,4855,4855,
868,0,1,1,0,0,0,1,0,0,1,0,0,0,0,0,5720,1,8968,3,4855,4855,
868,0,1,0,0,0,0,1,0,0,1,0,0,0,0,0,5720,1,8968,3,4855,4855,
868,0,1,1,0,0,0,1,0,0,1,0,0,0,0,0,5720,1,8968,3,4855,4855,
90,0,1,0,0,0,0,1,0,0,1,0,0,0,0,1,4942,1,8968,3,4855,4855,
90,0,0,0,0,0,0,0,0,0,0,0,0,0,0,1,4942,1,8968,3,4855,4855,
356,0,1,0,0,0,0,0,0,0,1,0,0,0,0,1,5208,1,8968,3,4855,4855,
356,0,1,0,0,0,0,0,0,0,1,0,0,0,0,1,5208,1,8968,3,4855,4855,
356,0,1,0,0,0,0,0,0,0,1,0,0,0,0,1,5208,1,8968,3,4855,4855,
356,0,1,0,0,0,0,0,0,0,1,0,0,0,0,1,5208,1,8968,3,4855,4855,
1552,0,1,0,0,0,0,0,0,0,1,0,0,0,0,0,6404,1,8968,3,4855,4855,
868,0,1,1,0,0,0,1,0,0,1,0,0,0,0,0,5720,1,8968,3,4855,4855,
868,0,1,1,0,1,0,1,1,0,1,0,0,0,0,0,5720,1,8968,3,4855,4855,
868,0,1,1,0,0,0,1,0,0,1,0,0,0,0,0,5720,1,8968,3,4855,4855,
868,0,1,0,0,0,0,1,0,0,1,0,0,0,0,0,5720,1,8968,3,4855,4855,
868,0,1,1,0,0,0,1,0,0,1,0,0,0,0,0,5720,1,8968,3,4855,4855,
1552,0,1,0,0,0,0,0,0,0,1,0,0,0,0,0,6404,1,8968,3,4855,4855,
1552,0,1,0,0,0,0,0,0,0,1,0,0,0,0,0,6404,1,8968,3,4855,4855,
1552,0,1,0,0,0,0,0,0,0,1,0,0,0,0,0,6404,1,8968,3,4855,4855,
1552,0,1,0,0,0,0,0,0,0,1,0,0,0,0,0,6404,1,8968,3,4855,4855,
1552,0,1,0,0,0,0,0,0,0,1,0,0,0,0,0,6404,1,8968,3,4855,4855,
1552,0,1,0,0,0,0,0,0,0,1,0,0,0,0,0,6404,1,8968,3,4855,4855,
1552,0,1,0,0,0,0,0,0,0,1,0,0,0,0,0,6404,1,8968,3,4855,4855,
875,0,0,0,0,0,0,1,0,0,1,0,0,0,0,0,5727,1,8968,3,4855,4855,
1494,0,0,0,0,0,0,0,0,0,1,0,0,0,0,0,6346,1,8968,51,4903,4855,
51,0,1,1,0,0,0,1,1,0,1,0,0,0,0,1,4903,1,8968,3,4855,4855,
51,0,1,1,0,0,0,1,1,0,1,0,0,0,0,1,4903,1,8968,3,4855,4855,
51,0,1,1,0,0,0,1,1,0,1,0,0,0,0,1,4903,1,8968,3,4855,4855,
51,0,1,1,0,0,0,1,1,0,1,0,0,0,0,1,4903,1,8968,3,4855,4855,
51,0,1,1,0,0,0,1,1,0,1,0,0,0,0,1,4903,1,8968,3,4855,4855,
51,0,1,1,0,0,0,1,1,0,1,0,0,0,0,1,4903,1,8968,3,4855,4855,
51,0,1,1,0,0,0,1,1,0,1,0,0,0,0,1,4903,1,8968,3,4855,4855,
51,0,1,1,0,0,0,1,1,0,1,0,0,0,0,1,4903,1,8968,3,4855,4855,
1148,0,1,1,0,0,0,1,0,0,1,0,0,0,0,0,6000,1,8968,3,4855,4855,
1148,0,1,1,0,0,0,1,0,0,1,0,0,0,0,0,6000,1,8968,3,4855,4855,
51,0,0,0,0,0,0,0,0,0,1,0,0,0,0,1,4903,1,8968,3,4855,4855,
1148,0,0,0,0,0,0,0,0,0,1,0,0,0,0,0,6000,1,8968,3,4855,4855,
1148,0,0,0,0,0,0,0,0,0,1,0,0,0,0,0,6000,1,8968,3,4855,4855,
437,0,1,0,0,0,0,1,0,0,1,0,1,0,0,0,5289,1,8968,3,4855,4855,
437,0,1,0,0,0,0,1,0,0,1,0,1,0,0,0,5289,1,8968,3,4855,4855,
1148,0,0,1,0,0,0,0,0,0,1,0,0,0,0,0,6000,1,8968,3,4855,4855,
1148,0,0,1,0,0,0,0,0,0,1,0,0,0,0,0,6000,1,8968,3,4855,4855,
1148,0,0,1,0,0,0,0,0,0,1,0,0,0,0,0,6000,1,8968,3,4855,4855,
1148,0,0,0,0,0,0,0,0,0,1,0,0,0,0,0,6000,1,8968,3,4855,4855,
1148,0,0,0,0,0,0,0,0,0,1,0,0,0,0,0,6000,1,8968,3,4855,4855,
437,0,1,1,0,0,0,1,0,0,1,0,1,0,0,0,5289,1,8968,3,4855,4855,
437,0,1,1,0,0,0,1,0,0,1,0,1,0,0,0,5289,1,8968,3,4855,4855,
437,0,1,0,0,0,0,1,0,0,1,0,1,0,0,0,5289,1,8968,3,4855,4855,
437,0,1,0,0,0,0,1,0,0,1,0,1,0,0,0,5289,1,8968,3,4855,4855,
437,0,1,0,0,0,0,1,0,0,1,0,1,0,0,0,5289,1,8968,3,4855,4855,
437,0,1,0,0,0,0,1,0,0,1,0,1,0,0,0,5289,1,8968,3,4855,4855,
376,0,1,0,1,1,0,0,0,0,0,0,0,0,0,1,5227,1,8968,376,5227,4855,
493,0,1,0,0,1,0,1,0,0,1,0,1,0,0,0,5345,1,8968,89,4941,4855,
493,0,1,0,0,1,0,1,0,0,1,0,1,0,0,0,5345,1,8968,89,4941,4855,
493,0,1,0,0,1,0,1,0,0,1,0,1,0,0,0,5345,1,8968,89,4941,4855,
493,0,1,0,0,1,0,1,0,0,1,0,1,0,0,0,5345,1,8968,89,4941,4855,
493,0,1,0,0,1,0,1,0,0,1,0,1,0,0,0,5345,1,8968,89,4941,4855,
493,0,1,0,0,1,0,1,0,0,1,0,1,0,0,0,5345,1,8968,89,4941,4855,
493,0,1,0,0,1,0,1,0,0,1,0,1,0,0,0,5345,1,8968,89,4941,4855,
493,0,1,0,0,1,0,1,0,0,1,0,1,0,0,0,5345,1,8968,89,4941,4855,
493,0,1,0,0,1,0,1,0,0,1,0,1,0,0,0,5345,1,8968,89,4941,4855,
493,0,1,0,0,1,0,1,0,0,1,0,1,0,0,0,5345,1,8968,89,4941,4855,
89,0,1,1,0,0,0,1,0,0,1,0,0,0,0,1,4941,1,8968,89,4941,4855,
1487,0,1,1,0,1,0,1,0,0,1,0,0,0,0,0,6339,1,8968,89,4941,4855,
875,0,0,0,0,0,0,0,0,0,1,0,0,0,0,0,5727,1,8968,89,4941,4855,
896,0,0,0,0,0,0,1,0,0,1,0,0,0,0,0,5748,1,8968,89,4941,4855,
818,0,0,0,0,1,0,0,0,0,1,0,0,0,0,1,5670,1,8968,89,4941,4855,
818,0,0,0,0,1,0,0,0,0,1,0,0,0,0,1,5670,1,8968,89,4941,4855,
1676,0,0,0,0,1,0,0,0,0,1,0,0,0,0,0,6528,1,8968,89,4941,4855,
1676,0,0,0,0,1,0,0,0,0,1,0,0,0,0,0,6528,1,8968,89,4941,4855,
490,0,1,0,0,1,0,1,0,0,1,0,1,0,0,1,5344,1,8968,328,5180,4855,
490,0,1,0,0,1,0,1,0,0,1,0,1,0,0,1,5344,1,8968,328,5180,4855,
490,0,1,0,0,1,0,1,0,0,1,0,1,0,0,1,5344,1,8968,328,5180,4855,
490,0,1,0,0,1,0,1,0,0,1,0,1,0,0,1,5344,1,8968,328,5180,4855,
490,0,1,0,0,1,0,1,0,0,1,0,1,0,0,1,5344,1,8968,328,5180,4855,
490,0,1,0,0,1,0,1,0,0,1,0,1,0,0,1,5344,1,8968,328,5180,4855,
490,0,1,0,0,1,0,1,0,0,1,0,1,0,0,1,5344,1,8968,328,5180,4855,
490,0,1,0,0,1,0,1,0,0,1,0,1,0,0,1,5344,1,8968,328,5180,4855,
490,0,1,0,0,1,0,1,0,0,1,0,1,0,0,1,5344,1,8968,328,5180,4855,
490,0,1,0,0,1,0,1,0,0,1,0,1,0,0,1,5344,1,8968,328,5180,4855,
875,0,0,0,0,0,0,0,0,0,1,0,0,0,0,0,5727,1,8968,328,5180,4855,
1148,0,0,0,0,0,0,0,0,0,1,0,0,0,0,0,6000,1,8968,328,5180,4855,
1148,0,0,0,0,0,0,0,0,0,1,0,0,0,0,0,6000,1,8968,328,5180,4855,
1148,0,0,0,0,0,0,0,0,0,1,0,0,0,0,0,6000,1,8968,328,5180,4855,
1148,0,0,1,0,1,0,0,0,0,1,0,0,0,0,0,6000,1,8968,328,5180,4855,
1148,0,0,1,0,1,0,0,0,0,1,0,0,0,0,0,6000,1,8968,328,5180,4855,
1148,0,0,0,0,0,0,0,0,0,1,0,0,0,0,0,6000,1,8968,328,5180,4855,
1148,0,1,1,0,1,0,0,0,0,1,0,0,0,0,0,6000,1,8968,328,5180,4855,
1148,0,1,1,0,1,0,0,0,0,1,0,0,0,0,0,6000,1,8968,328,5180,4855,
1686,0,0,0,0,1,0,0,0,0,1,0,0,0,0,0,6539,1,8968,1148,6000,4855,
1686,0,1,0,0,1,0,0,0,0,1,0,0,0,0,0,6539,1,8968,1148,6000,4855,
1552,0,1,0,0,0,0,0,0,0,1,0,0,0,0,0,6404,1,8968,1148,6000,4855,
1552,0,1,0,0,1,0,0,0,0,1,0,0,0,0,0,6404,1,8968,1148,6000,4855,
1552,0,1,0,0,1,0,0,0,0,1,0,0,0,0,0,6404,1,8968,1148,6000,4855,
1686,0,0,0,0,1,0,0,0,0,1,0,0,0,0,0,6539,1,8968,1148,6000,4855,
1683,0,0,0,0,1,0,1,0,0,1,0,0,0,0,0,6535,1,8968,1148,6000,4855,
1683,0,0,0,0,1,0,1,0,0,1,0,0,0,0,0,6535,1,8968,1148,6000,4855,
1683,0,0,0,0,0,0,1,0,0,1,0,0,0,0,0,6535,1,8968,1148,6000,4855,
1683,0,0,0,0,0,0,1,0,0,1,0,0,0,0,0,6535,1,8968,1148,6000,4855,
1683,0,0,0,0,0,0,1,0,0,1,0,0,0,0,0,6535,1,8968,1148,6000,4855,
1683,0,0,0,0,0,0,1,0,0,1,0,0,0,0,0,6535,1,8968,1148,6000,4855,
1683,0,0,0,0,0,0,1,0,0,1,0,0,0,0,0,6535,1,8968,1148,6000,4855,
1552,0,1,0,0,0,0,1,0,0,1,0,0,0,0,0,6404,1,8968,1148,6000,4855,
394,0,0,0,1,0,0,0,0,0,0,0,0,0,0,1,5245,1,8968,394,5245,4855,
394,0,0,0,1,0,0,0,0,0,0,0,0,0,0,1,5245,1,8968,394,5245,4855,
394,0,0,0,1,0,0,0,0,0,0,0,0,0,0,1,5245,1,8968,394,5245,4855,
1148,0,1,1,0,1,0,1,0,0,1,0,0,0,0,0,6000,1,8968,252,5103,4855,
427,0,0,1,1,0,0,1,0,0,1,0,0,0,0,0,5270,1,8968,41,4893,4855,
254,0,0,0,1,0,0,1,0,0,0,0,0,0,0,0,5105,1,8968,252,5103,4855,
1148,0,1,1,0,1,0,1,0,0,1,0,0,0,0,0,6000,1,8968,88,4940,4855,
1148,0,1,1,0,1,0,1,0,0,1,0,0,0,0,0,6000,1,8968,88,4940,4855,
1194,0,1,1,0,0,0,0,1,0,1,0,0,0,0,0,6046,1,8968,88,4940,4855,
88,0,1,0,1,0,0,1,0,0,1,0,0,1,0,1,4940,1,8968,88,4940,4855,
88,0,1,1,1,0,0,1,0,0,1,0,0,1,0,1,4940,1,8968,88,4940,4855,
112,0,1,0,1,0,0,1,0,0,1,0,0,1,0,1,4964,1,8968,88,4940,4855,
112,0,1,1,1,0,0,1,0,0,1,0,0,1,0,1,4964,1,8968,88,4940,4855,
112,0,1,1,1,0,0,1,0,0,1,0,0,1,0,1,4964,1,8968,88,4940,4855,
112,0,1,1,1,0,0,1,0,0,1,0,0,1,0,1,4964,1,8968,88,4940,4855,
112,0,0,0,1,0,0,1,0,0,0,0,0,1,0,1,4964,1,8968,88,4940,4855,
112,0,1,1,1,0,0,1,0,0,1,0,0,1,0,1,4964,1,8968,88,4940,4855,
112,0,1,0,1,0,0,0,0,0,1,0,0,1,0,1,4964,1,8968,88,4940,4855,
112,0,1,0,1,0,0,0,0,0,1,0,0,1,0,1,4964,1,8968,88,4940,4855,
112,0,1,1,1,0,0,0,0,0,1,0,0,1,0,1,4964,1,8968,88,4940,4855,
1194,0,1,0,0,0,0,0,0,0,1,0,0,0,0,0,6046,1,8968,88,4940,4855,
1194,0,1,0,0,0,0,0,0,0,1,0,0,0,0,0,6046,1,8968,88,4940,4855,
1194,0,1,0,0,0,0,0,0,0,1,0,0,0,0,0,6046,1,8968,88,4940,4855,
1020,0,1,1,0,1,0,0,1,0,1,0,0,0,0,0,5872,1,8968,88,4940,4855,
1020,0,1,1,0,1,0,0,1,0,1,0,0,0,0,0,5872,1,8968,88,4940,4855,
1020,0,1,1,0,1,0,0,1,0,1,0,0,0,0,0,5872,1,8968,88,4940,4855,
1020,0,1,1,0,1,0,0,1,0,1,0,0,0,0,0,5872,1,8968,88,4940,4855,
1020,0,1,1,0,1,0,0,1,0,1,0,0,0,0,0,5872,1,8968,88,4940,4855,
376,0,1,0,0,0,0,0,0,0,1,0,0,0,0,1,5227,1,8968,88,4940,4855,
376,0,1,0,0,0,0,0,0,0,1,0,0,0,0,1,5227,1,8968,88,4940,4855,
376,0,1,0,0,0,0,0,0,0,1,0,0,0,0,1,5227,1,8968,88,4940,4855,
112,0,1,0,1,0,0,0,0,0,1,0,0,1,0,1,4964,1,8968,88,4940,4855,
112,0,1,0,1,0,0,0,0,0,1,0,0,1,0,1,4964,1,8968,88,4940,4855,
112,0,1,0,1,0,0,0,0,0,1,0,0,1,0,1,4964,1,8968,88,4940,4855,
112,0,1,0,1,0,0,0,0,0,1,0,0,1,0,1,4964,1,8968,88,4940,4855,
112,0,1,0,1,0,0,0,0,0,1,0,0,1,0,1,4964,1,8968,88,4940,4855,
2259,0,0,0,0,0,0,0,0,0,1,0,0,0,0,0,7112,1,8968,929,5781,4855,
929,0,1,0,0,0,0,1,0,0,1,0,0,0,0,0,5781,1,8968,929,5781,4855,
929,0,1,0,0,0,0,1,0,0,1,0,0,0,0,0,5781,1,8968,929,5781,4855,
929,0,1,0,0,0,0,1,0,0,1,0,0,0,0,0,5781,1,8968,929,5781,4855,
929,0,1,0,0,0,0,0,0,0,0,0,0,0,0,0,5781,1,8968,929,5781,4855,
929,0,1,0,0,0,0,1,0,0,1,0,0,0,0,0,5781,1,8968,929,5781,4855,
1552,0,1,0,0,0,0,0,0,0,1,0,0,0,0,0,6404,1,8968,929,5781,4855,
1552,0,1,0,0,0,0,0,0,0,1,0,0,0,0,0,6404,1,8968,929,5781,4855,
1552,0,1,0,0,0,0,0,0,0,1,0,0,0,0,0,6404,1,8968,929,5781,4855,
1552,0,1,0,0,0,0,0,0,0,1,0,0,0,0,0,6404,1,8968,929,5781,4855,
1552,0,1,0,0,0,0,0,0,0,1,0,0,0,0,0,6404,1,8968,929,5781,4855,
1552,0,1,0,0,0,0,0,0,0,1,0,0,0,0,0,6404,1,8968,929,5781,4855,
1552,0,1,0,0,0,0,0,0,0,1,0,0,0,0,0,6404,1,8968,929,5781,4855,
1552,0,1,0,0,0,0,0,0,0,1,0,0,0,0,0,6404,1,8968,929,5781,4855,
1552,0,1,0,0,0,0,0,0,0,1,0,0,0,0,0,6404,1,8968,929,5781,4855,
1494,0,0,0,0,0,0,0,0,0,1,0,0,0,0,0,6346,1,8968,929,5781,4855,
1494,0,0,0,0,0,0,0,0,0,1,0,0,0,0,0,6346,1,8968,929,5781,4855,
1494,0,0,0,0,0,0,0,0,0,1,0,0,0,0,0,6346,1,8968,929,5781,4855,
1148,0,1,0,0,0,0,1,0,0,1,0,0,0,0,0,6000,1,8968,929,5781,4855,
1148,0,1,0,0,0,0,1,0,0,1,0,0,0,0,0,6000,1,8968,929,5781,4855,
1148,0,1,0,0,0,0,1,0,0,1,0,0,0,0,0,6000,1,8968,929,5781,4855,
703,0,0,0,0,0,0,0,0,0,1,0,0,0,0,1,5555,1,8968,15,4867,4855,
703,0,0,0,0,0,0,0,0,0,1,0,0,0,0,1,5555,1,8968,15,4867,4855,
703,0,0,0,0,0,0,0,0,0,1,0,0,0,0,1,5555,1,8968,15,4867,4855,
703,0,0,0,0,0,0,0,0,0,1,0,0,0,0,1,5555,1,8968,15,4867,4855,
1963,0,0,1,0,0,0,1,0,0,1,0,0,0,0,0,6816,1,8968,15,4867,4855,
1963,1,0,1,0,0,0,1,0,0,1,0,0,0,0,0,6816,1,8968,15,4867,4855,
1963,0,0,1,0,0,0,1,0,0,1,0,0,0,0,0,6816,1,8968,15,4867,4855,
890,0,1,0,0,0,0,1,0,0,1,0,0,0,0,0,5742,1,8968,15,4867,4855,
890,0,1,1,0,0,0,1,0,0,1,0,0,0,0,0,5742,1,8968,15,4867,4855,
890,0,1,0,0,0,0,1,0,0,1,0,0,0,0,0,5742,1,8968,15,4867,4855,
1148,0,1,1,0,0,0,1,0,0,1,0,0,0,0,0,6000,1,8968,15,4867,4855,
1148,0,1,1,0,0,0,1,0,0,1,0,0,0,0,0,6000,1,8968,15,4867,4855,
1148,0,1,1,0,0,0,1,0,0,1,0,0,0,0,0,6000,1,8968,15,4867,4855,
1148,0,1,1,0,0,0,1,0,0,1,0,0,0,0,0,6000,1,8968,15,4867,4855,
15,0,1,0,0,0,0,1,0,0,1,0,0,0,0,1,4867,1,8968,15,4867,4855,
15,0,1,1,0,0,0,1,0,0,1,0,0,0,0,1,4867,1,8968,15,4867,4855,
544,0,1,1,0,1,0,1,0,0,1,0,1,0,0,0,5395,1,8968,70,4922,4855,
544,0,1,0,0,1,0,1,0,0,1,0,1,0,0,0,5395,1,8968,70,4922,4855,
544,0,1,1,0,0,0,0,0,0,1,0,1,0,0,0,5395,1,8968,70,4922,4855,
427,0,1,0,1,0,0,0,0,0,1,0,1,0,0,0,5270,1,8968,70,4922,4855,
427,0,1,0,1,0,0,0,0,0,1,0,1,0,0,0,5270,1,8968,70,4922,4855,
1214,0,1,0,0,0,0,0,0,0,0,0,0,0,0,0,6066,1,8968,70,4922,4855,
1214,0,1,0,0,0,0,0,0,0,0,0,0,0,0,0,6066,1,8968,70,4922,4855,
1214,0,1,0,0,0,0,0,0,0,0,0,0,0,0,0,6066,1,8968,70,4922,4855,
544,0,1,0,0,0,0,0,0,0,1,0,1,0,0,0,5395,1,8968,70,4922,4855,
544,0,1,0,0,0,0,0,0,0,1,0,1,0,0,0,5395,1,8968,70,4922,4855,
544,0,1,0,0,0,0,0,0,0,1,0,1,0,0,0,5395,1,8968,70,4922,4855,
544,0,1,0,0,0,0,0,0,0,1,0,1,0,0,0,5395,1,8968,70,4922,4855,
544,0,1,1,0,0,0,0,0,0,1,0,1,0,0,0,5395,1,8968,70,4922,4855,
1552,0,1,0,0,0,0,0,0,0,1,0,0,0,0,0,6404,1,8968,70,4922,4855,
1552,0,1,0,0,0,0,0,0,0,1,0,0,0,0,0,6404,1,8968,70,4922,4855,
1552,0,1,1,0,0,0,0,0,0,1,0,0,0,0,0,6404,1,8968,70,4922,4855,
1552,0,1,0,0,0,0,0,0,0,1,0,0,0,0,0,6404,1,8968,70,4922,4855,
1552,0,1,0,0,0,0,0,0,0,1,0,0,0,0,0,6404,1,8968,70,4922,4855,
1552,0,1,0,0,0,0,0,0,0,1,0,0,0,0,0,6404,1,8968,70,4922,4855,
1552,0,1,0,0,0,0,0,0,0,1,0,0,0,0,0,6404,1,8968,70,4922,4855,
1552,0,1,0,0,0,0,0,0,0,1,0,0,0,0,0,6404,1,8968,70,4922,4855,
1552,0,1,1,0,0,0,0,0,0,1,0,0,0,0,0,6404,1,8968,70,4922,4855,
1552,0,1,0,0,0,0,0,0,0,1,0,0,0,0,0,6404,1,8968,70,4922,4855,
1552,0,1,0,0,0,0,0,0,0,1,0,0,0,0,0,6404,1,8968,70,4922,4855,
1552,0,1,1,0,0,0,0,0,0,1,0,0,0,0,0,6404,1,8968,70,4922,4855,
1552,0,1,0,0,0,0,0,0,0,1,0,0,0,0,0,6404,1,517,70,4922,4855,
1552,0,1,0,0,0,0,0,0,0,1,0,0,0,0,0,6404,1,517,70,4922,4855,
1552,0,1,0,0,0,0,0,0,0,1,0,0,0,0,0,6404,1,517,70,4922,4855,
1552,0,1,0,0,0,0,0,0,0,1,0,0,0,0,0,6404,1,8968,70,4922,4855,
1552,0,1,0,0,0,0,0,0,0,1,0,0,0,0,0,6404,1,8968,70,4922,4855,
1552,0,1,0,0,0,0,0,0,0,1,0,0,0,0,0,6404,1,8968,70,4922,4855,
1084,0,1,0,0,0,0,0,0,0,0,0,0,0,0,0,5936,1,8968,70,4922,4855,
1084,0,1,0,0,0,0,0,0,0,0,0,0,0,0,0,5936,1,8968,70,4922,4855,
1084,0,1,0,0,0,0,0,0,0,0,0,0,0,0,0,5936,1,8968,70,4922,4855,
70,0,1,0,0,0,0,0,0,0,0,0,0,0,0,1,4922,1,8968,70,4922,4855,
70,0,1,0,0,0,0,0,0,0,0,0,0,0,0,1,4922,1,8968,70,4922,4855,
70,0,1,0,0,0,0,0,0,0,0,0,0,0,0,1,4922,1,8968,70,4922,4855,
1963,0,0,1,0,0,0,1,0,0,1,0,0,0,0,0,6816,1,8968,113,4965,4855,
202,0,0,0,1,0,0,0,0,0,0,0,0,0,0,1,5053,1,8968,70,4922,4855,
1006,0,1,1,0,0,0,0,0,0,1,0,0,0,0,0,5858,1,8968,70,4922,4855,
2544,0,1,1,0,0,0,0,0,0,1,0,0,0,0,0,7397,1,8968,70,4922,4855,
1006,0,1,0,0,0,0,0,0,0,1,0,0,0,0,0,5858,1,8968,70,4922,4855,
1006,0,1,0,0,0,0,0,0,0,1,0,0,0,0,0,5858,1,8968,70,4922,4855,
1006,0,1,0,0,0,0,0,0,0,1,0,0,0,0,0,5858,1,8968,70,4922,4855,
1006,0,1,0,0,0,0,0,0,0,1,0,0,0,0,0,5858,1,8968,70,4922,4855,
1006,0,1,0,0,0,0,0,0,0,1,0,0,0,0,0,5858,1,8968,70,4922,4855,
1006,0,1,0,0,0,0,0,0,0,1,0,0,0,0,0,5858,1,8968,70,4922,4855,
1006,0,1,0,0,0,0,0,0,0,1,0,0,0,0,0,5858,1,8968,70,4922,4855,
1006,0,1,0,0,0,0,0,0,0,1,0,0,0,0,0,5858,1,8968,70,4922,4855,
1006,0,1,0,0,0,0,0,0,0,1,0,0,0,0,0,5858,1,8968,70,4922,4855,
1006,0,1,0,0,0,0,0,0,0,1,0,0,0,0,0,5858,1,8968,70,4922,4855,
1006,0,1,0,0,0,0,0,0,0,1,0,0,0,0,0,5858,1,8968,70,4922,4855,
1006,0,1,0,0,0,0,0,0,0,1,0,0,0,0,0,5858,1,8968,70,4922,4855,
1006,0,1,0,0,0,0,0,0,0,1,0,0,0,0,0,5858,1,8968,70,4922,4855,
1006,0,1,0,0,0,0,0,0,0,1,0,0,0,0,0,5858,1,8968,70,4922,4855,
1006,0,1,0,0,0,0,0,0,0,1,0,0,0,0,0,5858,1,8968,70,4922,4855,
1006,0,1,0,0,0,0,0,0,0,1,0,0,0,0,0,5858,1,8968,70,4922,4855,
1006,0,1,0,0,0,0,0,0,0,1,0,0,0,0,0,5858,1,8968,70,4922,4855,
1006,0,1,0,0,0,0,0,0,0,1,0,0,0,0,0,5858,1,8968,70,4922,4855,
1006,0,1,0,0,0,0,0,0,0,1,0,0,0,0,0,5858,1,8968,70,4922,4855,
1006,0,1,0,0,0,0,0,0,0,1,0,0,0,0,0,5858,1,8968,70,4922,4855,
1006,0,1,0,0,0,0,0,0,0,1,0,0,0,0,0,5858,1,8968,70,4922,4855,
1006,0,1,0,0,0,0,0,0,0,1,0,0,0,0,0,5858,1,8968,70,4922,4855,
1006,0,1,0,0,0,0,0,0,0,1,0,0,0,0,0,5858,1,8968,70,4922,4855,
1006,0,1,0,0,0,0,0,0,0,1,0,0,0,0,0,5858,1,8968,70,4922,4855,
1006,0,1,0,0,0,0,0,0,0,1,0,0,0,0,0,5858,1,8968,70,4922,4855,
1006,0,1,0,0,0,0,0,0,0,1,0,0,0,0,0,5858,1,8968,70,4922,4855,
1006,0,1,0,0,0,0,0,0,0,1,0,0,0,0,0,5858,1,8968,70,4922,4855,
1006,0,1,0,0,0,0,0,0,0,1,0,0,0,0,0,5858,1,8968,70,4922,4855,
1006,0,1,0,0,0,0,0,0,0,1,0,0,0,0,0,5858,1,8968,70,4922,4855,
1006,0,1,0,0,0,0,0,0,0,1,0,0,0,0,0,5858,1,8968,70,4922,4855,
1006,0,1,0,0,0,0,0,0,0,1,0,0,0,0,0,5858,1,8968,70,4922,4855,
1006,0,1,0,0,0,0,0,0,0,1,0,0,0,0,0,5858,1,8968,70,4922,4855,
1006,0,1,0,0,0,0,0,0,0,1,0,0,0,0,0,5858,1,8968,70,4922,4855,
1006,0,1,0,0,0,0,0,0,0,1,0,0,0,0,0,5858,1,8968,70,4922,4855,
1006,0,1,0,0,0,0,0,0,0,1,0,0,0,0,0,5858,1,8968,70,4922,4855,
1494,0,0,0,0,0,0,0,0,0,1,0,0,0,0,0,6346,1,8968,6,4858,4855,
1494,0,0,0,0,0,0,0,0,0,1,0,0,0,0,0,6346,1,8968,6,4858,4855,
1494,0,0,0,0,0,0,0,0,0,1,0,0,0,0,0,6346,1,8968,6,4858,4855,
6,0,0,0,0,0,0,0,0,0,0,0,1,0,0,0,4858,1,8968,6,4858,4855,
6,0,1,0,0,0,0,1,0,0,1,0,1,0,0,0,4858,1,8968,6,4858,4855,
6,0,1,0,0,0,0,1,0,0,1,0,1,0,0,0,4858,1,8968,6,4858,4855,
6,0,1,0,0,0,0,1,0,0,1,0,1,0,0,0,4858,1,8968,6,4858,4855,
6,0,1,0,0,0,0,1,0,0,1,0,1,0,0,0,4858,1,8968,6,4858,4855,
6,0,1,1,0,0,0,1,0,0,1,0,1,0,0,0,4858,1,8968,6,4858,4855,
129,0,1,0,0,0,0,1,0,0,0,0,0,1,0,1,4981,1,8968,6,4858,4855,
129,0,1,1,0,1,0,1,0,0,1,0,0,1,0,1,4981,1,8968,6,4858,4855,
129,0,1,1,0,1,0,1,0,0,1,0,0,1,0,1,4981,1,8968,6,4858,4855,
129,0,1,1,0,1,0,1,0,0,1,0,0,1,0,1,4981,1,8968,6,4858,4855,
129,0,1,1,0,1,0,1,0,0,1,0,0,1,0,1,4981,1,8968,6,4858,4855,
129,0,1,1,0,0,0,1,0,0,1,0,0,1,0,1,4981,1,8968,6,4858,4855,
129,0,1,1,0,0,0,1,0,0,1,0,0,1,0,1,4981,1,8968,6,4858,4855,
129,0,0,0,0,0,0,1,0,0,0,0,0,1,0,1,4981,1,8968,6,4858,4855,
1963,0,1,0,0,0,0,1,0,0,1,0,0,0,0,0,6816,1,8968,6,4858,4855,
1963,0,1,0,0,0,0,1,0,0,1,0,0,0,0,0,6816,1,8968,6,4858,4855,
1963,0,1,0,0,0,0,1,0,0,1,0,0,0,0,0,6816,1,8968,6,4858,4855,
1963,0,1,0,0,0,0,1,0,0,1,0,0,0,0,0,6816,1,8968,6,4858,4855,
1963,0,1,0,0,0,0,1,0,0,1,0,0,0,0,0,6816,1,8968,6,4858,4855,
1963,0,1,0,0,0,0,1,0,0,1,0,0,0,0,0,6816,1,8968,6,4858,4855,
1963,0,1,1,0,0,0,1,0,0,1,0,0,0,0,0,6816,1,8968,6,4858,4855,
2544,0,0,1,0,0,0,0,0,0,1,0,0,0,0,0,7397,1,8968,6,4858,4855,
2544,0,0,1,0,0,0,0,0,0,1,0,0,0,0,0,7397,1,8968,6,4858,4855,
2544,0,1,0,0,0,0,0,0,0,1,0,0,0,0,0,7397,1,8968,6,4858,4855,
279,0,1,0,1,0,0,1,0,0,1,0,1,0,0,1,5131,1,8968,41,4893,4855,
279,0,0,0,1,0,0,0,0,0,0,0,1,0,0,1,5131,1,8968,41,4893,4855,
279,0,1,0,1,0,0,1,0,0,1,0,1,0,0,1,5131,1,8968,41,4893,4855,
279,0,1,0,1,0,0,1,0,0,1,0,1,0,0,1,5131,1,8968,41,4893,4855,
1494,0,1,1,0,0,0,1,1,0,1,0,0,0,0,0,6346,1,8968,41,4893,4855,
1494,0,1,1,0,0,0,1,1,0,1,0,0,0,0,0,6346,1,8968,41,4893,4855,
111,0,1,1,1,1,0,1,0,0,1,0,0,0,0,1,4963,1,8968,41,4893,4855,
111,0,1,1,1,1,0,1,0,0,1,0,0,0,0,1,4963,1,8968,41,4893,4855,
1148,0,1,0,0,0,0,0,0,0,1,0,0,0,0,0,6000,1,8968,41,4893,4855,
87,0,1,0,0,0,0,1,0,0,1,0,0,0,0,1,4939,1,3554,41,4893,4855,
87,0,1,0,0,0,0,1,0,0,1,0,0,0,0,1,4939,1,3554,41,4893,4855,
252,0,1,1,1,0,0,1,0,0,1,0,0,0,0,0,5103,1,8968,41,4893,4855,
1148,0,0,1,0,0,0,1,0,0,1,0,0,0,0,0,6000,1,8968,41,4893,4855,
252,0,1,0,1,0,0,1,0,0,1,0,0,0,0,0,5103,1,8968,41,4893,4855,
427,0,0,1,1,0,0,1,0,0,1,0,0,0,0,0,5270,1,799,41,4893,4855,
427,0,0,1,1,0,0,1,0,0,1,0,0,0,0,0,5270,1,8968,41,4893,4855,
427,0,0,1,1,0,0,1,0,0,1,0,0,0,0,0,5270,1,8968,41,4893,4855,
260,0,0,0,1,0,0,0,0,0,0,0,0,0,0,0,5111,1,8968,41,4893,4855,
1148,0,1,1,0,0,0,0,0,0,1,0,0,0,0,0,6000,1,8968,41,4893,4855,
1148,0,0,0,0,0,0,0,0,0,1,0,0,0,0,0,6000,1,8968,41,4893,4855,
1148,0,1,1,0,0,0,0,0,0,1,0,0,0,0,0,6000,1,8968,41,4893,4855,
1148,0,1,1,0,0,0,0,0,0,1,0,0,0,0,0,6000,1,8968,41,4893,4855,
1148,0,1,1,0,0,0,0,0,0,1,0,0,0,0,0,6000,1,8968,41,4893,4855,
111,0,1,1,1,1,0,1,0,0,1,0,0,0,0,1,4963,1,8968,41,4893,4855,
86,0,0,0,1,0,0,0,0,0,1,0,0,0,0,1,4938,1,8968,41,4893,4855,
86,0,0,0,1,0,0,0,0,0,1,0,0,0,0,1,4938,1,8968,41,4893,4855,
791,0,1,0,1,0,0,1,0,0,1,0,0,0,0,0,5643,1,8968,427,5271,4855,
791,0,1,0,1,0,0,1,0,0,1,0,0,0,0,0,5643,1,8968,427,5271,4855,
791,0,1,0,1,0,0,1,0,0,1,0,0,0,0,0,5643,1,8968,427,5271,4855,
791,0,1,0,1,0,0,1,0,0,1,0,0,0,0,0,5643,1,8968,427,5271,4855,
427,0,1,0,1,0,0,0,0,0,1,0,0,0,0,0,5271,1,8968,427,5271,4855,
287,0,0,0,1,0,0,0,0,0,0,0,0,0,0,0,5139,1,8968,287,5139,4855,
287,0,0,0,1,0,0,0,0,0,0,0,0,0,0,0,5139,1,8968,287,5139,4855,
546,0,0,0,1,0,0,0,0,0,0,0,0,0,0,1,5397,1,8968,287,5139,4855,
791,0,0,0,1,0,0,1,0,0,0,0,0,0,0,0,5643,1,8968,791,5643,4855,
791,0,1,0,1,0,0,1,0,0,1,0,0,0,0,0,5643,1,8968,791,5643,4855,
791,0,1,0,1,0,0,1,0,0,1,0,0,0,0,0,5643,1,8968,791,5643,4855,
791,0,1,0,1,0,0,1,0,0,1,0,0,0,0,0,5643,1,8968,791,5643,4855,
791,0,1,0,1,0,0,1,0,0,1,0,0,0,0,0,5643,1,8968,791,5643,4855,
791,0,1,0,1,0,0,1,0,0,1,0,0,0,0,0,5643,1,8968,791,5643,4855,
791,0,1,0,1,0,0,1,0,0,1,0,0,0,0,0,5643,1,8968,791,5643,4855,
280,0,1,0,1,0,0,1,0,0,1,0,0,0,0,1,5132,1,8968,280,5132,4855,
394,0,0,0,1,0,0,0,0,0,0,0,0,0,0,1,5245,1,8968,280,5132,4855,
394,0,1,0,1,0,0,1,0,0,1,0,0,0,0,1,5245,1,8968,280,5132,4855,
394,0,1,0,0,0,0,0,0,0,0,0,0,0,0,1,5245,1,8968,280,5132,4855,
394,0,1,0,0,0,0,0,0,0,0,0,0,0,0,1,5245,1,8968,280,5132,4855,
394,0,1,0,0,0,0,0,0,0,0,0,0,0,0,1,5245,1,8968,280,5132,4855,
394,0,0,0,1,0,0,0,0,0,0,0,0,0,0,1,5245,1,8968,280,5132,4855,
394,0,0,0,1,0,0,0,0,0,0,0,0,0,0,1,5245,1,8968,280,5132,4855,
280,0,0,0,1,0,0,0,0,0,0,0,0,0,0,0,5132,1,8968,280,5132,4855,
1471,0,0,0,0,0,0,1,0,0,1,0,0,0,0,0,6323,1,8968,1471,6323,4855,
11,0,1,0,1,0,0,1,0,0,1,0,0,0,0,1,4863,1,8968,11,4863,4855,
11,0,1,1,1,0,0,1,0,0,1,0,0,0,0,1,4863,1,8968,11,4863,4855,
11,0,1,1,1,0,0,1,0,0,1,0,0,0,0,1,4863,1,8968,11,4863,4855,
427,0,1,0,1,0,0,0,0,0,1,0,0,0,0,0,5271,1,8968,11,4863,4855,
427,0,1,0,1,0,0,0,0,0,1,0,0,0,0,0,5271,1,8968,11,4863,4855,
427,0,1,0,1,0,0,0,0,0,1,0,0,0,0,0,5271,1,8968,427,5271,4855,
355,0,0,1,1,1,0,1,0,0,1,0,0,0,0,1,5207,1,8968,82,4934,4855,
355,0,0,1,1,1,0,1,0,0,1,0,0,0,0,1,5207,1,8968,82,4934,4855,
355,0,0,1,1,1,0,1,0,0,1,0,0,0,0,1,5207,1,8968,82,4934,4855,
1499,0,1,1,0,0,0,1,0,0,1,0,0,0,0,0,6351,1,8968,82,4934,4855,
1499,0,0,0,0,0,0,1,0,0,0,0,0,0,0,0,6351,1,8968,82,4934,4855,
1499,0,1,1,0,0,0,1,0,0,1,0,0,0,0,0,6351,1,8968,82,4934,4855,
1499,0,1,1,0,0,0,1,0,0,1,0,0,0,0,0,6351,1,8968,82,4934,4855,
70,0,1,0,0,0,0,0,0,0,1,0,0,0,0,1,4922,1,8968,16,4868,4855,
70,0,1,0,0,0,0,0,0,0,1,0,0,0,0,1,4922,1,8968,16,4868,4855,
70,0,1,0,0,0,0,0,0,0,1,0,0,0,0,1,4922,1,8968,16,4868,4855,
70,0,1,0,0,0,0,0,0,0,1,0,0,0,0,1,4922,1,8968,16,4868,4855,
70,0,1,0,0,0,0,0,0,0,1,0,0,0,0,1,4922,1,8968,16,4868,4855,
70,0,1,0,0,0,0,0,0,0,1,0,0,0,0,1,4922,1,8968,16,4868,4855,
16,0,1,1,1,1,0,1,0,0,1,0,0,0,0,1,4868,1,8968,16,4868,4855,
16,0,1,1,1,1,0,1,0,0,1,0,0,0,0,1,4868,1,8968,16,4868,4855,
16,0,1,1,1,1,0,1,0,0,1,0,0,0,0,1,4868,1,8968,16,4868,4855,
16,0,1,1,1,1,0,1,0,0,1,0,0,0,0,1,4868,1,8968,16,4868,4855,
16,0,0,0,0,0,0,0,0,0,0,0,0,0,0,1,4868,1,8968,16,4868,4855,
1148,0,0,1,0,0,0,0,0,0,1,0,0,0,0,0,6000,1,8968,319,5171,4855,
1148,0,0,1,0,0,0,0,0,0,1,0,0,0,0,0,6000,1,8968,319,5171,4855,
1148,0,0,1,0,0,0,0,0,0,1,0,0,0,0,0,6000,1,8968,319,5171,4855,
1148,0,0,1,0,0,0,0,0,0,1,0,0,0,0,0,6000,1,8968,319,5171,4855,
1687,0,0,0,0,0,0,0,0,0,0,0,0,0,0,0,6540,1,8968,319,5171,4855,
1673,0,0,0,0,0,0,0,0,0,1,0,0,0,0,0,6525,1,8968,319,5171,4855,
1673,0,0,0,0,0,0,0,0,0,1,0,0,0,0,0,6525,1,8968,319,5171,4855,
1140,0,1,0,0,1,0,0,0,0,1,0,0,0,0,0,5992,1,8968,847,5699,4855,
920,0,1,0,0,0,0,1,0,0,1,0,0,0,0,0,5772,1,8968,847,5699,4855,
920,0,1,0,0,0,0,1,0,0,1,0,0,0,0,0,5772,1,8968,847,5699,4855,
920,0,1,0,0,0,0,1,0,0,1,0,0,0,0,0,5772,1,8968,847,5699,4855,
920,0,1,0,0,0,0,1,0,0,1,0,0,0,0,0,5772,1,8968,847,5699,4855,
920,0,1,0,0,0,0,1,0,0,1,0,0,0,0,0,5772,1,8968,847,5699,4855,
920,0,1,0,0,0,0,1,0,0,1,0,0,0,0,0,5772,1,8968,847,5699,4855,
394,0,0,0,0,1,0,0,0,0,1,0,0,0,0,1,5245,1,8968,2,4854,4855,
394,0,0,0,0,1,0,0,0,0,1,0,0,0,0,1,5245,1,8968,2,4854,4855,
394,0,0,0,0,1,0,0,0,0,1,0,0,0,0,1,5245,1,8968,2,4854,4855,
394,0,0,0,0,1,0,0,0,0,1,0,0,0,0,1,5245,1,8968,2,4854,4855,
31,0,0,0,1,0,0,0,0,0,0,0,0,0,0,1,4883,1,8968,2,4854,4855,
31,0,0,0,1,0,0,1,0,0,1,0,0,0,0,1,4883,1,8968,2,4854,4855,
31,0,0,0,1,0,0,1,0,0,1,0,0,0,0,1,4883,1,8968,2,4854,4855,
1256,0,1,0,0,0,0,1,0,0,1,0,0,0,0,0,6108,1,8968,2,4854,4855,
1256,0,1,0,0,0,0,1,0,0,1,0,0,0,0,0,6108,1,8968,2,4854,4855,
31,0,1,1,1,1,0,1,1,0,1,0,0,0,0,1,4883,1,8968,2,4854,4855,
31,0,1,1,1,1,0,1,1,0,1,0,0,0,0,1,4883,1,8968,2,4854,4855,
339,0,0,1,0,0,0,1,0,0,1,0,0,0,0,1,5191,1,8968,9,4861,4855,
1376,0,0,1,0,1,0,1,0,0,1,0,0,0,0,0,6228,1,8968,9,4861,4855,
394,0,0,0,0,0,0,0,0,0,0,0,0,0,0,1,5245,1,8968,2,4854,4855,
394,0,1,0,0,0,0,0,0,0,1,0,0,0,0,1,5245,1,8968,2,4854,4855,
394,0,1,0,0,0,0,0,0,0,1,0,0,0,0,1,5245,1,8968,2,4854,4855,
394,0,1,1,0,0,0,1,1,0,1,0,0,0,0,1,5245,1,8968,2,4854,4855,
394,0,1,0,0,0,0,0,0,0,1,0,0,0,0,1,5245,1,8968,2,4854,4855,
394,0,1,0,0,0,0,1,0,0,1,0,0,0,0,1,5245,1,8968,2,4854,4855,
394,0,1,0,0,0,0,1,0,0,1,0,0,0,0,1,5245,1,8968,2,4854,4855,
394,0,1,0,0,0,0,1,0,0,1,0,0,0,0,1,5245,1,8968,2,4854,4855,
394,0,1,0,0,0,0,0,0,0,1,0,0,0,0,1,5245,1,8968,2,4854,4855,
394,0,1,1,0,0,0,1,1,0,1,0,0,0,0,1,5245,1,8968,2,4854,4855,
394,0,1,1,0,0,0,1,1,0,1,0,0,0,0,1,5245,1,8968,2,4854,4855,
394,0,1,1,0,0,0,1,0,0,1,0,0,0,0,1,5245,1,8968,2,4854,4855,
394,0,1,1,0,0,0,1,0,0,1,0,0,0,0,1,5245,1,8968,2,4854,4855,
394,0,1,1,0,0,0,1,1,0,1,0,0,0,0,1,5245,1,8968,2,4854,4855,
351,0,1,0,1,0,0,1,0,0,1,0,0,0,0,1,5203,1,2841,2,4854,4855,
339,0,0,1,0,0,0,1,0,0,1,0,0,0,0,1,5191,1,8968,9,4861,4855,
351,0,1,0,1,0,0,1,0,0,1,0,0,0,0,1,5203,1,2841,2,4854,4855,
351,0,1,0,1,0,0,1,0,0,1,0,0,0,0,1,5203,1,2841,2,4854,4855,
351,0,1,0,1,0,0,1,0,0,1,0,0,0,0,1,5203,1,2841,2,4854,4855,
351,0,1,0,1,0,0,1,0,0,1,0,0,0,0,1,5203,1,2841,2,4854,4855,
351,0,1,0,1,0,0,1,0,0,1,0,0,0,0,1,5203,1,2841,2,4854,4855,
1148,0,0,0,0,0,0,0,0,0,1,0,0,0,0,0,6000,1,8968,2,4854,4855,
427,0,0,0,1,0,0,0,0,0,1,0,0,0,0,1,5273,1,2841,2,4854,4855,
427,0,0,1,1,1,0,0,1,0,1,0,0,0,0,1,5273,1,2841,2,4854,4855,
1148,0,1,0,0,0,0,0,0,0,1,0,0,0,0,0,6000,1,8968,2,4854,4855,
1148,0,0,0,0,0,0,0,0,0,1,0,0,0,0,0,6000,1,8968,2,4854,4855,
1148,0,0,0,0,0,0,0,0,0,1,0,0,0,0,0,6000,1,8968,2,4854,4855,
31,0,0,0,1,0,0,1,0,0,1,0,0,0,0,1,4883,1,8968,2,4854,4855,
31,0,0,0,1,0,0,1,0,0,1,0,0,0,0,1,4883,1,8968,2,4854,4855,
393,0,0,0,0,0,0,1,0,0,0,0,0,0,0,1,5244,1,8968,154,5006,4855,
393,0,1,1,0,0,0,1,0,0,1,0,0,0,0,1,5244,1,8968,154,5006,4855,
1552,0,1,1,0,0,0,0,0,0,1,0,0,0,0,0,6404,1,8968,154,5006,4855,
1552,0,1,1,0,0,0,0,0,0,1,0,0,0,0,0,6404,1,8968,154,5006,4855,
154,0,0,1,1,0,0,1,0,0,1,0,0,0,0,1,5006,1,8968,154,5006,4855,
1148,0,0,0,0,0,0,1,0,0,1,0,0,0,0,0,6000,1,8968,154,5006,4855,
203,0,0,0,0,0,0,0,0,0,0,0,0,0,0,1,5055,1,8968,154,5006,4855,
203,0,0,0,0,0,0,0,0,0,1,0,0,0,0,1,5055,1,8968,154,5006,4855,
203,0,0,0,0,0,0,0,0,0,1,0,0,0,0,1,5055,1,8968,154,5006,4855,
1148,0,0,0,0,0,0,0,0,0,1,0,0,0,0,0,6000,1,8968,154,5006,4855,
1148,0,0,0,0,0,0,0,0,0,1,0,0,0,0,0,6000,1,8968,154,5006,4855,
2544,0,0,1,0,1,0,0,0,0,1,0,0,0,0,0,7397,1,8968,51,4903,4855,
2544,0,0,1,0,1,0,0,0,0,1,0,0,0,0,0,7397,1,8968,51,4903,4855,
2544,0,0,1,0,0,0,0,0,0,1,0,0,0,0,0,7397,1,8968,51,4903,4855,
1494,0,0,0,0,0,0,0,0,0,1,0,0,0,0,0,6346,1,8968,51,4903,4855,
1456,0,1,1,0,1,0,1,0,0,1,0,0,0,0,0,6308,1,8968,51,4903,4855,
1456,0,0,0,0,0,0,1,0,0,0,0,0,0,0,0,6308,1,8968,51,4903,4855,
1456,0,1,1,0,1,0,1,0,0,1,0,0,0,0,0,6308,1,8968,51,4903,4855,
1456,0,0,0,0,0,0,1,0,0,1,0,0,0,0,0,6308,1,8968,51,4903,4855,
1456,0,1,0,0,1,0,1,0,0,1,0,0,0,0,0,6308,1,8968,51,4903,4855,
1456,0,1,1,0,1,0,1,0,0,1,0,0,0,0,0,6308,1,8968,51,4903,4855,
1456,0,0,0,0,0,0,1,0,0,1,0,0,0,0,0,6308,1,8968,51,4903,4855,
51,0,0,0,0,0,0,0,0,0,0,0,0,0,0,1,4903,1,8968,51,4903,4855,
51,0,0,0,0,0,0,0,0,0,1,0,0,0,0,1,4903,1,8968,51,4903,4855,
51,0,0,0,0,0,0,0,0,0,1,0,0,0,0,1,4903,1,8968,51,4903,4855,
51,0,0,0,0,0,0,0,0,0,1,0,0,0,0,1,4903,1,2860,51,4903,4855,
51,0,0,0,0,0,0,0,0,0,1,0,0,0,0,1,4903,1,2860,51,4903,4855,
51,0,0,0,0,0,0,0,0,0,1,0,0,0,0,1,4903,1,2860,51,4903,4855,
1148,0,0,1,0,0,0,0,0,0,1,0,0,0,0,0,6000,1,8968,1148,6000,4855,
1148,0,0,1,0,0,0,0,0,0,1,0,0,0,0,0,6000,1,8968,1148,6000,4855,
1148,0,0,0,0,0,0,0,0,0,1,0,0,0,0,0,6000,1,8968,1148,6000,4855,
1148,0,0,0,0,0,0,0,0,0,1,0,0,0,0,0,6000,1,8968,1148,6000,4855,
1148,0,0,0,0,0,0,0,0,0,1,0,0,0,0,0,6000,1,8968,1148,6000,4855,
1148,0,0,0,0,0,0,0,0,0,1,0,0,0,0,0,6000,1,8968,1148,6000,4855,
1148,0,0,0,0,0,0,0,0,0,1,0,0,0,0,0,6000,1,8968,1148,6000,4855,
1148,0,0,0,0,0,0,0,0,0,1,0,0,0,0,0,6000,1,8968,1148,6000,4855,
1148,0,0,0,0,0,0,0,0,0,1,0,0,0,0,0,6000,1,8968,1148,6000,4855,
1148,0,0,0,0,0,0,0,0,0,1,0,0,0,0,0,6000,1,8968,1148,6000,4855,
1148,0,0,0,0,0,0,0,0,0,1,0,0,0,0,0,6000,1,8968,1148,6000,4855,
1148,0,0,0,0,0,0,0,0,0,1,0,0,0,0,0,6000,1,8968,1148,6000,4855,
1148,0,0,0,0,0,0,0,0,0,1,0,0,0,0,0,6000,1,8968,1148,6000,4855,
608,0,0,0,1,0,0,0,0,0,0,0,0,0,0,0,5459,1,8968,608,5459,4855,
608,0,0,0,1,0,0,0,0,0,0,0,0,0,0,0,5459,1,8968,608,5459,4855,
51,0,1,0,1,0,0,1,0,0,1,0,0,0,0,1,4903,1,8968,51,4903,4855,
51,0,1,0,1,0,0,1,0,0,1,0,0,0,0,1,4903,1,8968,51,4903,4855,
1687,0,0,0,0,0,0,0,0,0,0,0,0,0,0,0,6540,1,8968,51,4903,4855,
1148,0,0,0,0,0,0,0,0,0,1,0,0,0,0,0,6000,1,8968,51,4903,4855,
1487,0,0,0,0,0,0,0,0,0,1,0,0,0,0,0,6339,1,8968,51,4903,4855,
1487,0,0,0,0,0,0,0,0,0,1,0,0,0,0,0,6339,1,8968,51,4903,4855,
1465,0,0,1,0,0,0,0,0,0,1,0,0,0,0,0,6317,1,8968,703,5555,4855,
1465,0,0,1,0,0,0,0,0,0,1,0,0,0,0,0,6317,1,8968,703,5555,4855,
1148,0,0,0,0,0,0,0,0,0,1,0,0,0,0,0,6000,1,8968,703,5555,4855,
1148,0,0,0,0,0,0,0,0,0,1,0,0,0,0,0,6000,1,8968,703,5555,4855,
703,0,0,0,0,0,0,0,0,0,1,0,0,0,0,1,5555,1,8968,703,5555,4855,
703,0,0,0,0,0,0,0,0,0,1,0,0,0,0,1,5555,1,8968,703,5555,4855,
1148,0,0,0,0,0,0,0,0,0,1,0,0,0,0,0,6000,1,8968,703,5555,4855,
1148,0,0,0,0,0,0,0,0,0,1,0,0,0,0,0,6000,1,8968,703,5555,4855,
1148,0,0,0,0,0,0,0,0,0,1,0,0,0,0,0,6000,1,8968,703,5555,4855,
1148,0,0,0,0,0,0,0,0,0,1,0,0,0,0,0,6000,1,8968,703,5555,4855,
1148,0,0,0,0,0,0,0,0,0,1,0,0,0,0,0,6000,1,8968,703,5555,4855,
1148,0,0,0,0,0,0,0,0,0,1,0,0,0,0,0,6000,1,8968,703,5555,4855,
1148,0,0,0,0,0,0,0,0,0,1,0,0,0,0,0,6000,1,8968,703,5555,4855,
1148,0,0,0,0,0,0,0,0,0,1,0,0,0,0,0,6000,1,8968,703,5555,4855,
1148,0,0,0,0,0,0,0,0,0,1,0,0,0,0,0,6000,1,8968,703,5555,4855,
1148,0,0,0,0,0,0,0,0,0,1,0,0,0,0,0,6000,1,8968,703,5555,4855,
1148,0,0,0,0,0,0,0,0,0,1,0,0,0,0,0,6000,1,8968,703,5555,4855,
1148,0,0,0,0,0,0,0,0,0,1,0,0,0,0,0,6000,1,8968,703,5555,4855,
1465,0,0,1,0,0,0,0,0,0,1,0,0,0,0,0,6317,1,8968,703,5555,4855,
1148,0,0,0,0,0,0,0,0,0,1,0,0,0,0,0,6000,1,8968,703,5555,4855,
267,0,0,0,1,0,0,0,0,0,0,0,0,0,0,0,5119,1,8968,267,5119,4855,
1165,0,0,1,0,0,0,1,0,0,1,0,0,0,0,0,6017,1,8968,9,4861,4855,
1511,0,0,0,0,0,0,1,0,0,0,0,0,0,0,0,6363,1,4241,9,4861,4855,
395,0,1,0,1,0,0,0,0,0,1,0,0,0,0,0,5277,1,8968,9,4861,4855,
394,0,1,0,0,0,0,0,0,0,0,0,0,0,0,1,5245,1,8968,9,4861,4855,
394,0,1,0,0,0,0,0,0,0,0,0,0,0,0,1,5245,1,8968,9,4861,4855,
1510,0,0,0,0,0,0,1,0,0,0,0,0,0,0,0,6362,1,4241,9,4861,4855,
1510,0,1,1,0,0,0,1,0,0,1,0,0,0,0,0,6362,1,4241,9,4861,4855,
395,0,0,1,1,1,0,1,0,0,1,0,0,0,0,0,5277,1,8968,9,4861,4855,
9,0,1,1,1,1,0,1,0,0,1,0,1,0,0,1,4861,1,8968,9,4861,4855,
939,0,1,1,0,0,0,0,0,0,1,0,0,0,0,0,5791,1,8968,9,4861,4855,
939,0,1,1,0,0,0,0,1,0,1,0,0,0,0,0,5791,1,8968,9,4861,4855,
939,0,1,1,0,0,0,0,1,0,1,0,0,0,0,0,5791,1,8968,9,4861,4855,
939,0,1,1,0,0,0,0,1,0,1,0,0,0,0,0,5791,1,8968,9,4861,4855,
939,0,1,1,0,0,0,0,1,0,1,0,0,0,0,0,5791,1,8968,9,4861,4855,
939,0,1,1,0,0,0,0,1,0,1,0,0,0,0,0,5791,1,8968,9,4861,4855,
939,0,1,1,0,0,0,0,1,0,1,0,0,0,0,0,5791,1,8968,9,4861,4855,
939,0,1,1,0,0,0,0,1,0,1,0,0,0,0,0,5791,1,8968,9,4861,4855,
939,0,1,1,0,0,0,0,1,0,1,0,0,0,0,0,5791,1,8968,9,4861,4855,
394,0,0,0,0,0,0,0,0,0,0,0,1,0,0,1,5245,1,8968,9,4861,4855,
394,0,0,0,0,0,0,0,0,0,0,0,1,0,0,1,5245,1,8968,9,4861,4855,
1507,0,0,0,0,0,0,1,0,0,0,0,0,0,0,0,6359,1,8968,9,4861,4855,
1507,0,0,0,0,0,0,1,0,0,0,0,0,0,0,0,6359,1,8968,9,4861,4855,
1507,0,0,0,0,0,0,1,0,0,0,0,0,0,0,0,6359,1,8968,9,4861,4855,
395,0,0,1,1,1,0,0,0,0,1,0,0,0,0,0,5277,1,8968,9,4861,4855,
1505,0,0,0,0,0,0,1,0,0,0,0,0,0,0,0,6357,1,8968,9,4861,4855,
1505,0,0,0,0,0,0,1,0,0,0,0,0,0,0,0,6357,1,8968,9,4861,4855,
1506,0,1,1,0,0,0,1,0,0,1,0,0,0,0,0,6358,1,4241,9,4861,4855,
1506,0,1,1,0,0,0,1,0,0,1,0,0,0,0,0,6358,1,4241,9,4861,4855,
395,0,0,0,1,0,0,1,0,0,1,0,0,0,0,0,5277,1,8968,9,4861,4855,
1505,0,0,0,0,0,0,1,0,0,0,0,0,0,0,0,6357,1,8968,9,4861,4855,
1505,0,0,0,0,0,0,1,0,0,0,0,0,0,0,0,6357,1,8968,9,4861,4855,
135,0,0,0,1,0,0,0,0,0,0,0,0,0,0,0,4987,1,8968,36,4888,4855,
135,0,0,0,1,0,0,0,0,0,0,0,0,0,0,0,4987,1,8968,135,4987,4855,
135,0,0,0,1,0,0,0,0,0,0,0,0,0,0,0,4987,1,8968,135,4987,4855,
135,0,0,0,1,0,0,0,0,0,0,0,0,0,0,0,4987,1,8968,135,4987,4855,
376,0,1,0,0,0,0,0,0,0,0,0,0,0,0,1,5227,1,8968,376,5227,4855,
376,0,1,0,0,0,0,0,0,0,0,0,0,0,0,1,5227,1,8968,376,5227,4855,
376,0,1,0,0,0,0,0,0,0,0,0,0,0,0,1,5227,1,8968,376,5227,4855,
394,0,1,0,0,0,0,0,0,0,0,0,0,0,0,1,5245,1,8968,376,5227,4855,
394,0,0,0,0,0,0,0,0,0,0,0,0,0,0,1,5245,1,8968,376,5227,4855,
394,0,1,0,0,0,0,0,0,0,0,0,0,0,0,1,5245,1,8968,376,5227,4855,
394,0,1,0,0,0,0,0,0,0,0,0,0,0,0,1,5245,1,8968,376,5227,4855,
394,0,0,0,0,0,0,0,0,0,0,0,0,0,0,1,5245,1,8968,376,5227,4855,
394,0,1,0,0,0,0,0,0,0,0,0,0,0,0,1,5245,1,8968,376,5227,4855,
71,0,0,0,1,0,0,1,0,0,1,0,0,0,0,1,4923,1,8968,70,4922,4855,
1963,0,1,0,0,0,0,1,0,0,1,0,0,0,0,0,6816,1,8968,70,4922,4855,
1963,0,1,1,0,0,0,1,0,0,1,0,0,0,0,0,6816,1,8968,70,4922,4855,
1963,0,1,0,0,0,0,1,0,0,1,0,0,0,0,0,6816,1,8968,70,4922,4855,
1963,0,1,0,0,0,0,1,0,0,1,0,0,0,0,0,6816,1,8968,70,4922,4855,
1963,0,1,0,0,0,0,1,0,0,1,0,0,0,0,0,6816,1,8968,70,4922,4855,
1674,0,0,0,0,0,0,0,0,0,1,0,0,0,0,0,6526,1,8968,70,4922,4855,
82,0,0,0,1,0,0,0,0,0,0,1,0,0,0,1,4934,1,8968,70,4922,4855,
1681,0,0,0,0,0,0,0,0,0,1,0,0,0,0,0,6533,1,8968,70,4922,4855,
1681,0,0,0,0,0,0,0,0,0,1,0,0,0,0,0,6533,1,8968,70,4922,4855,
1676,0,0,0,0,0,0,1,0,0,1,0,0,0,0,0,6528,1,8968,70,4922,4855,
1676,0,1,1,0,0,0,1,0,0,1,0,0,0,0,0,6528,1,8968,70,4922,4855,
1676,0,1,1,0,0,0,1,0,0,1,0,0,0,0,0,6528,1,8968,70,4922,4855,
576,0,0,0,1,0,0,0,0,0,0,0,0,0,0,0,5424,1,8968,70,4922,4855,
112,0,0,0,1,0,0,0,0,0,0,0,0,1,0,1,4964,1,8968,70,4922,4855,
577,0,0,1,1,0,0,0,0,0,1,0,0,0,0,0,5425,1,8968,70,4922,4855,
403,0,0,0,1,0,0,0,0,0,1,0,0,0,0,0,5250,1,8968,70,4922,4855,
246,0,1,1,0,1,0,1,1,0,1,0,0,0,0,1,5098,1,1275,246,5098,4855,
246,0,1,1,0,1,0,1,1,0,1,0,0,0,0,1,5098,1,1275,246,5098,4855,
2542,0,0,1,0,0,0,0,0,0,1,0,0,0,0,0,7395,1,8968,246,5098,4855,
1128,0,1,1,0,0,0,0,1,0,1,0,0,0,0,0,5980,1,8968,246,5098,4855,
1128,0,1,1,0,0,0,0,1,0,1,0,0,0,0,0,5980,1,8968,246,5098,4855,
246,0,0,1,0,1,0,1,1,0,1,0,0,0,0,1,5098,1,8968,246,5098,4855,
246,0,0,1,0,1,0,1,0,0,1,0,0,0,0,1,5098,1,8968,246,5098,4855,
246,0,0,1,0,1,0,1,0,0,1,0,0,0,0,1,5098,1,8968,246,5098,4855,
394,0,0,1,0,0,0,0,0,0,1,0,0,0,0,1,5245,1,8968,246,5098,4855,
394,0,0,1,0,0,0,0,0,0,1,0,0,0,0,1,5245,1,8968,246,5098,4855,
394,0,0,1,0,0,0,0,0,0,1,0,0,0,0,1,5245,1,8968,246,5098,4855,
394,0,0,1,0,0,0,0,0,0,1,0,0,0,0,1,5245,1,8968,246,5098,4855,
394,0,0,1,0,0,0,0,0,0,1,0,0,0,0,1,5245,1,8968,246,5098,4855,
394,0,0,1,0,0,0,0,0,0,1,0,0,0,0,1,5245,1,8968,246,5098,4855,
394,0,0,1,0,0,0,0,0,0,1,0,0,0,0,1,5245,1,8968,246,5098,4855,
394,0,0,1,0,0,0,0,0,0,1,0,0,0,0,1,5245,1,8968,246,5098,4855,
394,0,0,1,0,0,0,0,0,0,1,0,0,0,0,1,5245,1,8968,246,5098,4855,
394,0,1,1,0,0,0,0,0,0,1,0,0,0,0,1,5245,1,8968,246,5098,4855,
394,0,1,1,0,0,0,0,0,0,1,0,0,0,0,1,5245,1,8968,246,5098,4855,
394,0,1,1,0,0,0,0,0,0,1,0,0,0,0,1,5245,1,8968,246,5098,4855,
394,0,1,1,0,0,0,0,0,0,1,0,0,0,0,1,5245,1,8968,246,5098,4855,
394,0,1,1,0,0,0,0,0,0,1,0,0,0,0,1,5245,1,8968,246,5098,4855,
394,0,1,1,0,0,0,0,0,0,1,0,0,0,0,1,5245,1,8968,246,5098,4855,
394,0,1,1,0,0,0,0,0,0,1,0,0,0,0,1,5245,1,8968,246,5098,4855,
394,0,0,1,0,0,0,0,0,0,1,0,0,0,0,1,5245,1,8968,246,5098,4855,
394,0,0,1,0,0,0,0,0,0,1,0,0,0,0,1,5245,1,8968,246,5098,4855,
394,0,0,1,0,0,0,0,0,0,1,0,0,0,0,1,5245,1,8968,246,5098,4855,
394,0,0,1,0,0,0,0,0,0,1,0,0,0,0,1,5245,1,8968,246,5098,4855,
394,0,0,1,0,0,0,0,0,0,1,0,0,0,0,1,5245,1,8968,246,5098,4855,
394,0,0,1,0,0,0,0,0,0,1,0,0,0,0,1,5245,1,8968,246,5098,4855,
394,0,0,1,0,0,0,0,0,0,1,0,0,0,0,1,5245,1,8968,246,5098,4855,
394,0,0,1,0,0,0,0,0,0,1,0,0,0,0,1,5245,1,8968,246,5098,4855,
250,0,1,1,0,1,0,1,0,0,1,0,0,1,0,1,5101,1,2860,246,5098,4855,
250,0,1,1,0,1,0,1,0,0,1,0,0,1,0,1,5101,1,2860,246,5098,4855,
250,0,0,0,0,1,0,1,0,0,1,0,0,1,0,1,5101,1,2860,246,5098,4855,
250,0,0,0,0,1,0,1,0,0,1,0,0,1,0,1,5101,1,2860,246,5098,4855,
250,0,0,0,0,1,0,1,0,0,1,0,0,1,0,1,5101,1,2860,246,5098,4855,
250,0,0,0,0,1,0,1,0,0,1,0,0,1,0,1,5101,1,2860,246,5098,4855,
250,0,1,1,0,1,0,1,0,0,1,0,0,1,0,1,5101,1,2860,246,5098,4855,
250,0,1,1,0,1,0,1,0,0,1,0,0,1,0,1,5101,1,2860,246,5098,4855,
250,0,1,1,0,1,0,1,0,0,1,0,0,1,0,1,5101,1,2860,246,5098,4855,
250,0,1,1,0,1,0,1,0,0,1,0,0,1,0,1,5101,1,2860,246,5098,4855,
250,0,1,1,0,1,0,1,0,0,1,0,0,1,0,1,5101,1,2860,246,5098,4855,
250,0,1,1,0,1,0,1,0,0,1,0,0,1,0,1,5101,1,2860,246,5098,4855,
250,0,1,1,0,1,0,1,0,0,1,0,0,1,0,1,5101,1,2860,246,5098,4855,
250,0,1,1,0,1,0,1,0,0,1,0,0,1,0,1,5101,1,2860,246,5098,4855,
394,0,0,1,0,0,0,0,0,0,1,0,0,0,0,1,5245,1,8968,246,5098,4855,
394,0,0,1,0,0,0,0,0,0,1,0,0,0,0,1,5245,1,8968,246,5098,4855,
394,0,0,1,0,0,0,0,0,0,1,0,0,0,0,1,5245,1,8968,246,5098,4855,
394,0,0,1,0,0,0,0,0,0,1,0,0,0,0,1,5245,1,8968,246,5098,4855,
394,0,0,1,0,0,0,0,0,0,1,0,0,0,0,1,5245,1,8968,246,5098,4855,
394,0,0,1,0,0,0,0,0,0,1,0,0,0,0,1,5245,1,8968,246,5098,4855,
394,0,0,1,0,0,0,0,0,0,1,0,0,0,0,1,5245,1,8968,246,5098,4855,
394,0,0,1,0,0,0,0,0,0,1,0,0,0,0,1,5245,1,8968,246,5098,4855,
394,0,0,1,0,0,0,0,0,0,1,0,0,0,0,1,5245,1,8968,246,5098,4855,
394,0,0,1,0,0,0,0,0,0,1,0,0,0,0,1,5245,1,8968,246,5098,4855,
716,0,0,0,1,0,0,0,0,0,0,0,0,0,0,1,5564,1,8968,202,5053,4855,
716,0,0,0,1,0,0,0,0,0,0,0,0,0,0,1,5564,1,8968,202,5053,4855,
716,0,0,0,1,0,0,0,0,0,0,0,0,0,0,1,5564,1,8968,202,5053,4855,
716,0,0,0,1,0,0,0,0,0,0,0,0,0,0,1,5564,1,8968,202,5053,4855,
716,0,0,0,1,0,0,0,0,0,0,0,0,0,0,1,5564,1,8968,202,5053,4855,
716,0,0,0,1,0,0,0,0,0,0,0,0,0,0,1,5564,1,8968,202,5053,4855,
716,0,0,0,1,0,0,0,0,0,0,0,0,0,0,1,5564,1,8968,202,5053,4855,
716,0,0,0,1,0,0,0,0,0,0,0,0,0,0,1,5564,1,8968,202,5053,4855,
716,0,0,0,1,0,0,0,0,0,0,0,0,0,0,1,5564,1,8968,202,5053,4855,
716,0,0,0,1,0,0,0,0,0,0,0,0,0,0,1,5564,1,8968,202,5053,4855,
716,0,0,0,1,0,0,0,0,0,0,0,0,0,0,1,5564,1,8968,202,5053,4855,
716,0,0,0,1,0,0,0,0,0,0,0,0,0,0,1,5564,1,8968,202,5053,4855,
716,0,0,0,1,0,0,0,0,0,0,0,0,0,0,1,5564,1,8968,202,5053,4855,
716,0,0,0,1,0,0,0,0,0,0,0,0,0,0,1,5564,1,8968,202,5053,4855,
711,0,0,0,1,0,0,0,0,0,0,0,0,0,0,0,5577,1,8968,202,5053,4855,
719,0,0,0,1,0,0,0,0,0,0,0,0,0,0,1,5567,1,8968,202,5053,4855,
719,0,0,0,1,0,0,0,0,0,0,0,0,0,0,1,5567,1,8968,202,5053,4855,
716,0,0,0,0,0,0,0,0,0,0,0,0,0,0,1,5564,1,8968,202,5053,4855,
716,0,0,0,1,0,0,0,0,0,0,0,0,0,0,1,5564,1,8968,202,5053,4855,
716,0,0,0,1,0,0,0,0,0,0,0,0,0,0,1,5564,1,8968,202,5053,4855,
716,0,0,0,1,0,0,0,0,0,0,0,0,0,0,1,5564,1,8968,202,5053,4855,
716,0,0,0,1,0,0,0,0,0,0,0,0,0,0,1,5564,1,8968,202,5053,4855,
716,0,0,0,1,0,0,0,0,0,0,0,0,0,0,1,5564,1,8968,202,5053,4855,
716,0,0,0,1,0,0,0,0,0,0,0,0,0,0,1,5564,1,8968,202,5053,4855,
716,0,0,0,1,0,0,0,0,0,0,0,0,0,0,1,5564,1,8968,202,5053,4855,
716,0,0,0,1,0,0,0,0,0,0,0,0,0,0,1,5564,1,8968,202,5053,4855,
716,0,0,0,1,0,0,0,0,0,0,0,0,0,0,1,5564,1,8968,202,5053,4855,
716,0,0,0,1,0,0,0,0,0,0,0,0,0,0,1,5564,1,8968,202,5053,4855,
716,0,0,0,1,0,0,0,0,0,0,0,0,0,0,1,5564,1,8968,202,5053,4855,
716,0,0,0,1,0,0,0,0,0,0,0,0,0,0,1,5564,1,8968,202,5053,4855,
716,0,0,0,1,0,0,0,0,0,0,0,0,0,0,1,5564,1,8968,202,5053,4855,
716,0,0,0,1,0,0,0,0,0,0,0,0,0,0,1,5564,1,8968,202,5053,4855,
716,0,0,0,1,0,0,0,0,0,0,0,0,0,0,1,5564,1,8968,202,5053,4855,
716,0,0,0,1,0,0,0,0,0,0,0,0,0,0,1,5564,1,8968,202,5053,4855,
716,0,0,0,1,0,0,0,0,0,0,0,0,0,0,1,5564,1,8968,202,5053,4855,
716,0,0,0,1,0,0,0,0,0,0,0,0,0,0,1,5564,1,8968,202,5053,4855,
716,0,0,0,1,0,0,0,0,0,0,0,0,0,0,1,5564,1,8968,202,5053,4855,
716,0,0,0,1,0,0,0,0,0,0,0,0,0,0,1,5564,1,8968,202,5053,4855,
716,0,0,0,1,0,0,0,0,0,0,0,0,0,0,1,5564,1,8968,202,5053,4855,
716,0,0,0,1,0,0,0,0,0,0,0,0,0,0,1,5564,1,8968,202,5053,4855,
716,0,0,0,1,0,0,0,0,0,0,0,0,0,0,1,5564,1,8968,202,5053,4855,
716,0,0,0,1,0,0,0,0,0,0,0,0,0,0,1,5564,1,8968,202,5053,4855,
716,0,0,0,1,0,0,0,0,0,0,0,0,0,0,1,5564,1,8968,202,5053,4855,
716,0,0,0,1,0,0,0,0,0,0,0,0,0,0,1,5564,1,8968,202,5053,4855,
716,0,0,0,1,0,0,0,0,0,0,0,0,0,0,1,5564,1,8968,202,5053,4855,
716,0,0,0,1,0,0,0,0,0,0,0,0,0,0,1,5564,1,8968,202,5053,4855,
716,0,0,0,1,0,0,0,0,0,0,0,0,0,0,1,5564,1,8968,202,5053,4855,
716,0,0,0,1,0,0,0,0,0,0,0,0,0,0,1,5564,1,8968,202,5053,4855,
716,0,0,0,1,0,0,0,0,0,0,0,0,0,0,1,5564,1,8968,202,5053,4855,
716,0,0,0,1,0,0,0,0,0,0,0,0,0,0,1,5564,1,8968,202,5053,4855,
716,0,0,0,1,0,0,0,0,0,0,0,0,0,0,1,5564,1,8968,202,5053,4855,
716,0,0,0,1,0,0,0,0,0,0,0,0,0,0,1,5564,1,8968,202,5053,4855,
202,0,0,0,1,0,0,0,0,0,0,0,0,0,0,1,5053,1,8968,202,5053,4855,
202,0,0,0,1,0,0,0,0,0,0,0,0,0,0,1,5053,1,8968,202,5053,4855,
202,0,0,0,1,0,0,0,0,0,0,0,0,0,0,1,5053,1,8968,202,5053,4855,
716,0,0,0,1,0,0,0,0,0,0,0,0,0,0,1,5564,1,8968,202,5053,4855,
716,0,0,0,1,0,0,0,0,0,0,0,0,0,0,1,5564,1,8968,202,5053,4855,
716,0,0,0,1,0,0,0,0,0,0,0,0,0,0,1,5564,1,8968,202,5053,4855,
716,0,0,0,1,0,0,0,0,0,0,0,0,0,0,1,5564,1,8968,202,5053,4855,
716,0,0,0,1,0,0,0,0,0,0,0,0,0,0,1,5564,1,8968,202,5053,4855,
716,0,0,0,1,0,0,0,0,0,0,0,0,0,0,1,5564,1,8968,202,5053,4855,
187,0,0,0,1,0,0,0,0,0,1,0,0,0,0,0,5039,1,8968,187,5039,4855,
189,0,1,0,1,1,0,0,0,0,1,0,0,0,0,0,5041,1,8968,187,5039,4855,
187,0,0,0,1,0,0,0,0,0,1,0,0,0,0,0,5039,1,8968,187,5039,4855,
187,0,0,0,1,0,0,0,0,0,1,0,0,0,0,0,5039,1,8968,187,5039,4855,
140,0,0,0,1,0,0,0,0,0,0,0,0,0,0,0,4992,1,8968,37,4889,4855,
153,0,0,0,1,0,0,0,0,0,0,0,0,0,0,0,5005,1,8968,37,4889,4855,
52,0,1,0,1,0,0,1,0,0,1,0,0,0,0,1,4904,1,8968,52,4904,4855,
52,0,0,0,1,0,0,1,0,0,0,0,0,0,0,1,4904,1,8968,52,4904,4855,
52,0,1,0,1,0,0,1,0,0,1,0,0,0,0,1,4904,1,8968,52,4904,4855,
1966,0,0,1,0,0,0,1,0,0,1,0,0,0,0,0,6819,1,8968,113,4965,4855,
1966,0,0,1,0,0,0,1,0,0,1,0,0,0,0,0,6819,1,8968,113,4965,4855,
869,0,0,1,0,0,0,1,0,0,1,0,0,0,0,0,5721,1,8968,113,4965,4855,
403,0,1,1,1,1,0,1,0,0,1,0,0,0,0,0,5251,1,8968,113,4965,4855,
403,0,1,1,1,1,0,1,0,0,1,0,0,0,0,0,5251,1,8968,113,4965,4855,
403,0,1,1,1,1,0,1,0,0,1,0,0,0,0,0,5251,1,8968,113,4965,4855,
403,0,1,1,1,1,0,1,0,0,1,0,0,0,0,0,5251,1,8968,113,4965,4855,
403,0,0,0,1,0,0,0,0,0,0,0,0,0,0,0,5251,1,8968,113,4965,4855,
931,0,1,1,0,0,0,0,1,0,1,0,0,0,0,0,5783,1,8968,113,4965,4855,
931,0,1,1,0,0,0,0,1,0,1,0,0,0,0,0,5783,1,8968,113,4965,4855,
931,0,1,1,0,0,0,0,1,0,1,0,0,0,0,0,5783,1,8968,113,4965,4855,
931,0,1,1,0,0,0,0,1,0,1,0,0,0,0,0,5783,1,8968,113,4965,4855,
931,0,1,1,0,1,0,0,0,0,1,0,0,0,0,0,5783,1,8968,113,4965,4855,
931,0,1,1,0,1,0,0,0,0,1,0,0,0,1,0,5783,1,8968,113,4965,4855,
931,0,1,1,0,1,0,0,0,0,1,0,0,0,1,0,5783,1,8968,113,4965,4855,
931,0,1,1,0,1,0,0,0,0,1,0,0,0,0,0,5783,1,8968,113,4965,4855,
931,0,1,1,0,1,0,0,0,0,1,0,0,0,0,0,5783,1,8968,113,4965,4855,
370,0,0,0,1,0,0,0,0,0,0,0,0,0,0,1,5228,1,8968,113,4965,4855,
370,0,0,0,1,0,0,0,0,0,0,0,0,0,0,1,5228,1,8968,113,4965,4855,
629,0,1,1,1,0,0,0,0,0,1,0,0,0,0,0,5481,1,8968,113,4965,4855,
629,0,1,1,1,0,0,0,0,0,1,0,0,0,0,0,5481,1,8968,113,4965,4855,
2545,0,0,1,0,0,0,0,0,0,1,0,0,0,0,0,7398,1,8968,113,4965,4855,
2545,0,0,1,0,0,0,0,0,0,1,0,0,0,0,0,7398,1,8968,113,4965,4855,
2545,0,0,1,0,0,0,0,0,0,1,0,0,0,0,0,7398,1,8968,113,4965,4855,
2545,0,0,1,0,0,0,0,0,0,1,0,0,0,0,0,7398,1,8968,113,4965,4855,
376,0,1,0,0,0,0,0,0,0,0,0,0,0,0,1,5227,1,8968,113,4965,4855,
376,0,1,0,0,0,0,0,0,0,1,0,0,0,0,1,5227,1,8968,113,4965,4855,
113,0,0,1,0,0,0,1,0,0,1,0,0,0,1,1,4965,1,8968,113,4965,4855,
113,0,0,1,0,0,0,1,0,0,1,0,0,0,1,1,4965,1,8968,113,4965,4855,
113,0,0,1,0,0,0,1,0,0,1,0,0,0,1,1,4965,1,8968,113,4965,4855,
113,0,0,1,0,0,0,1,0,0,1,0,0,0,1,1,4965,1,8968,113,4965,4855,
113,0,0,1,0,0,0,1,0,0,1,0,0,0,1,1,4965,1,8968,113,4965,4855,
394,0,1,1,0,0,0,0,0,0,1,0,0,0,0,1,5245,1,8968,113,4965,4855,
1963,0,0,1,0,0,0,1,0,0,1,0,0,0,0,0,6816,1,8968,113,4965,4855,
931,0,1,1,0,1,0,1,0,0,1,0,0,0,0,0,5783,1,8968,113,4965,4855,
931,0,1,1,0,1,0,1,0,0,1,0,0,0,0,0,5783,1,8968,113,4965,4855,
931,0,1,1,0,0,0,0,0,0,1,0,0,0,0,0,5783,1,8968,113,4965,4855,
931,0,1,1,0,0,0,0,0,0,1,0,0,0,0,0,5783,1,8968,113,4965,4855,
1963,0,0,1,0,0,0,1,0,0,1,0,0,0,0,0,6816,1,8968,113,4965,4855,
1963,0,0,1,0,0,0,1,0,0,1,0,0,0,0,0,6816,1,8968,113,4965,4855,
1963,0,0,1,0,0,0,1,0,0,1,0,0,0,0,0,6816,1,8968,113,4965,4855,
1963,0,0,1,0,0,0,1,0,0,1,0,0,0,0,0,6816,1,8968,113,4965,4855,
1963,0,0,0,0,0,0,1,0,0,1,0,0,0,0,0,6816,1,8968,113,4965,4855,
1681,0,0,1,0,0,0,1,0,0,1,0,0,0,0,0,6533,1,8968,113,4965,4855,
376,0,1,1,0,0,0,0,0,0,1,0,0,0,0,1,5227,1,8968,113,4965,4855,
376,0,1,1,0,0,0,0,0,0,1,0,0,0,0,1,5227,1,8968,113,4965,4855,
376,0,1,1,0,0,0,0,0,0,1,0,0,0,0,1,5227,1,8968,113,4965,4855,
376,0,1,1,0,0,0,0,0,0,1,0,0,0,0,1,5227,1,8968,113,4965,4855,
376,0,1,1,0,0,0,0,0,0,1,0,0,0,0,1,5227,1,8968,113,4965,4855,
376,0,1,1,0,0,0,0,0,0,1,0,0,0,0,1,5227,1,8968,113,4965,4855,
875,0,0,0,0,0,0,0,0,0,1,0,0,0,0,0,5727,1,8968,314,5166,4855,
1125,0,0,0,0,0,0,1,0,0,1,0,0,0,0,0,5977,1,8968,314,5166,4855,
1125,0,0,0,0,0,0,1,0,0,1,0,0,0,0,0,5977,1,8968,314,5166,4855,
1125,0,0,0,0,0,0,1,0,0,1,0,0,0,0,0,5977,1,8968,314,5166,4855,
1125,0,0,0,0,0,0,1,0,0,1,0,0,0,0,0,5977,1,8968,314,5166,4855,
1125,0,0,0,0,0,0,1,0,0,1,0,0,0,0,0,5977,1,8968,314,5166,4855,
1125,0,0,0,0,0,0,1,0,0,1,0,0,0,0,0,5977,1,8968,314,5166,4855,
1125,0,0,0,0,0,0,1,0,0,1,0,0,0,0,0,5977,1,8968,314,5166,4855,
1125,0,0,0,0,0,0,1,0,0,1,0,0,0,0,0,5977,1,8968,314,5166,4855,
1125,0,0,0,0,0,0,1,0,0,1,0,0,0,0,0,5977,1,8968,314,5166,4855,
1169,0,0,0,0,0,0,0,0,0,1,0,0,0,0,0,6021,1,8968,1125,5977,4855,
1169,0,0,0,0,0,0,0,0,0,1,0,0,0,0,0,6021,1,8968,1152,6004,4855,
1169,0,0,0,0,0,0,0,0,0,1,0,0,0,0,0,6021,1,8968,1152,6004,4855,
1155,0,0,0,0,0,0,1,0,0,1,0,0,0,0,0,6007,1,8968,1155,6007,4855,
487,0,0,0,0,0,0,0,0,0,0,0,1,0,0,0,5341,1,8968,7,4859,4855,
487,0,0,0,0,0,0,0,0,0,0,0,1,0,0,0,5341,1,8968,7,4859,4855,
487,0,0,0,0,0,0,0,0,0,0,0,1,0,0,0,5341,1,8968,7,4859,4855,
489,0,1,0,0,0,0,0,0,0,0,0,1,0,0,0,5343,1,8968,7,4859,4855,
489,0,1,0,0,0,0,0,0,0,0,0,1,0,0,0,5343,1,8968,7,4859,4855,
393,0,1,0,0,0,0,0,0,0,0,0,1,0,0,1,5244,1,8968,7,4859,4855,
393,0,1,0,0,0,0,0,0,0,0,0,1,0,0,1,5244,1,8968,7,4859,4855,
393,0,1,0,0,0,0,0,0,0,0,0,1,0,0,1,5244,1,8968,7,4859,4855,
393,0,1,0,0,0,0,0,0,0,0,0,1,0,0,1,5244,1,8968,7,4859,4855,
393,0,0,0,0,0,0,0,0,0,0,0,1,0,0,1,5244,1,8968,7,4859,4855,
489,0,0,0,0,0,0,1,0,0,0,0,1,0,0,0,5343,1,8968,7,4859,4855,
489,0,0,0,0,0,0,1,0,0,0,0,1,0,0,0,5343,1,8968,7,4859,4855,
488,0,1,0,0,0,0,0,0,0,0,0,1,0,0,0,5342,1,8968,7,4859,4855,
488,0,1,0,0,0,0,0,0,0,0,0,1,0,0,0,5342,1,8968,7,4859,4855,
394,0,0,0,0,0,0,0,0,0,0,0,1,0,0,1,5245,1,4375,7,4859,4855,
394,0,0,0,0,0,0,0,0,0,0,0,1,0,0,1,5245,1,4375,7,4859,4855,
394,0,0,0,0,0,0,0,0,0,0,0,1,0,0,1,5245,1,4375,7,4859,4855,
394,0,0,0,0,0,0,0,0,0,0,0,1,0,0,1,5245,1,4375,7,4859,4855,
394,0,0,0,0,0,0,0,0,0,0,0,0,0,0,1,5245,1,4375,7,4859,4855,
394,0,0,0,0,0,0,0,0,0,0,0,0,0,0,1,5245,1,4375,7,4859,4855,
394,0,0,0,0,0,0,0,0,0,0,0,1,0,0,1,5245,1,4375,7,4859,4855,
394,0,0,0,0,0,0,0,0,0,0,0,1,0,0,1,5245,1,4375,7,4859,4855,
394,0,0,0,0,0,0,0,0,0,0,0,0,0,0,1,5245,1,4375,7,4859,4855,
394,0,0,0,0,0,0,0,0,0,0,0,0,0,0,1,5245,1,4375,7,4859,4855,
489,0,1,0,0,0,0,1,0,0,1,0,1,0,0,0,5343,1,8968,7,4859,4855,
489,0,1,0,0,0,0,1,0,0,1,0,1,0,0,0,5343,1,8968,7,4859,4855,
7,0,0,0,0,0,0,0,0,0,0,0,1,0,0,0,4859,1,8968,7,4859,4855,
7,0,0,0,0,0,0,0,0,0,0,0,1,0,0,0,4859,1,8968,7,4859,4855,
7,0,0,0,0,0,0,0,0,0,0,0,1,0,0,0,4859,1,8968,7,4859,4855,
7,0,0,0,0,0,0,0,0,0,0,0,1,0,0,0,4859,1,8968,7,4859,4855,
7,0,0,0,0,0,0,0,0,0,0,0,1,0,0,0,4859,1,8968,7,4859,4855,
7,0,0,0,0,0,0,0,0,0,0,0,1,0,0,0,4859,1,8968,7,4859,4855,
7,0,0,0,0,0,0,0,0,0,0,0,1,0,0,0,4859,1,8968,7,4859,4855,
7,0,0,0,0,0,0,0,0,0,0,0,1,0,0,0,4859,1,8968,7,4859,4855,
4114,0,0,0,0,0,0,0,0,0,0,0,0,0,0,0,0,1,8968,4114,0,4855,
4114,0,0,0,0,0,0,0,0,0,0,0,0,0,0,0,0,1,8968,4114,0,4855,
4114,0,0,0,0,0,0,0,0,0,0,0,0,0,0,0,0,1,8968,4114,0,4855,
4114,0,0,0,0,0,0,0,0,0,0,0,0,0,0,0,0,1,8968,4114,0,4855,
4114,0,0,0,0,0,0,0,0,0,0,0,0,0,0,0,0,1,8968,4114,0,4855,
4114,0,0,0,0,0,0,0,0,0,0,0,0,0,0,0,0,1,8968,4114,0,4855,
4114,0,0,0,0,0,0,0,0,0,0,0,0,0,0,0,0,1,8968,4114,0,4855,
4114,0,0,0,0,0,0,0,0,0,0,0,0,0,0,0,0,1,8968,4114,0,4855,
4114,0,0,0,0,0,0,0,0,0,0,0,0,0,0,0,0,1,8968,4114,0,4855,
4114,0,0,0,0,0,0,0,0,0,0,0,0,0,0,0,0,1,8968,4114,0,4855,
4114,0,0,0,0,0,0,0,0,0,0,0,0,0,0,0,0,1,8968,4114,0,4855,
4114,0,0,0,0,0,0,0,0,0,0,0,0,0,0,0,0,1,8968,4114,0,4855,
4114,0,0,0,0,0,0,0,0,0,0,0,0,0,0,0,0,1,8968,4114,0,4855,
4114,0,0,0,0,0,0,0,0,0,0,0,0,0,0,0,0,1,8968,4114,0,4855,
4114,0,0,0,0,0,0,0,0,0,0,0,0,0,0,0,0,1,8968,4114,0,4855,
4114,0,0,0,0,0,0,0,0,0,0,0,0,0,0,0,0,1,8968,4114,0,4855,
4114,0,0,0,0,0,0,0,0,0,0,0,0,0,0,0,0,1,8968,4114,0,4855,
4114,0,0,0,0,0,0,0,0,0,0,0,0,0,0,0,0,1,8968,4114,0,4855,
4114,0,0,0,0,0,0,0,0,0,0,0,0,0,0,0,0,1,8968,4114,0,4855,
4114,0,0,0,0,0,0,0,0,0,0,0,0,0,0,0,0,1,8968,4114,0,4855,
4114,0,0,0,0,0,0,0,0,0,0,0,0,0,0,0,0,1,8968,4114,0,4855,
4114,0,0,0,0,0,0,0,0,0,0,0,0,0,0,0,0,1,8968,4114,0,4855,
4114,0,0,0,0,0,0,0,0,0,0,0,0,0,0,0,0,1,8968,4114,0,4855,
4114,0,0,0,0,0,0,0,0,0,0,0,0,0,0,0,0,1,8968,4114,0,4855,
4114,0,0,0,0,0,0,0,0,0,0,0,0,0,0,0,0,1,8968,4114,0,4855,
4114,0,0,0,0,0,0,0,0,0,0,0,0,0,0,0,0,1,8968,4114,0,4855,
4114,0,0,0,0,0,0,0,0,0,0,0,0,0,0,0,0,1,8968,4114,0,4855,
4114,0,0,0,0,0,0,0,0,0,0,0,0,0,0,0,0,1,8968,4114,0,4855,
4114,0,0,0,0,0,0,0,0,0,0,0,0,0,0,0,0,1,8968,4114,0,4855,
4114,0,0,0,0,0,0,0,0,0,0,0,0,0,0,0,0,1,8968,4114,0,4855,
4114,0,0,0,0,0,0,0,0,0,0,0,0,0,0,0,0,1,8968,4114,0,4855,
4114,0,0,0,0,0,0,0,0,0,0,0,0,0,0,0,0,1,8968,4114,0,4855,
4114,0,0,0,0,0,0,0,0,0,0,0,0,0,0,0,0,1,8968,4114,0,4855,
4114,0,0,0,0,0,0,0,0,0,0,0,0,0,0,0,0,1,8968,4114,0,4855,
4114,0,0,0,0,0,0,0,0,0,0,0,0,0,0,0,0,1,8968,4114,0,4855,
4114,0,0,0,0,0,0,0,0,0,0,0,0,0,0,0,0,1,8968,4114,0,4855,
4114,0,0,0,0,0,0,0,0,0,0,0,0,0,0,0,0,1,8968,4114,0,4855,
4114,0,0,0,0,0,0,0,0,0,0,0,0,0,0,0,0,1,8968,4114,0,4855,
4114,0,0,0,0,0,0,0,0,0,0,0,0,0,0,0,0,1,8968,4114,0,4855,
4114,0,0,0,0,0,0,0,0,0,0,0,0,0,0,0,0,1,8968,4114,0,4855,
4114,0,0,0,0,0,0,0,0,0,0,0,0,0,0,0,0,1,8968,4114,0,4855,
4114,0,0,0,0,0,0,0,0,0,0,0,0,0,0,0,0,1,8968,4114,0,4855,
4114,0,0,0,0,0,0,0,0,0,0,0,0,0,0,0,0,1,8968,4114,0,4855,
4114,0,0,0,0,0,0,0,0,0,0,0,0,0,0,0,0,1,8968,4114,0,4855,
4114,0,0,0,0,0,0,0,0,0,0,0,0,0,0,0,0,1,8968,4114,0,4855,
4114,0,0,0,0,0,0,0,0,0,0,0,0,0,0,0,0,1,8968,4114,0,4855,
4114,0,0,0,0,0,0,0,0,0,0,0,0,0,0,0,0,1,8968,4114,0,4855,
4114,0,0,0,0,0,0,0,0,0,0,0,0,0,0,0,0,1,8968,4114,0,4855,
4114,0,0,0,0,0,0,0,0,0,0,0,0,0,0,0,0,1,8968,4114,0,4855,
4114,0,0,0,0,0,0,0,0,0,0,0,0,0,0,0,0,1,8968,4114,0,4855,
4114,0,0,0,0,0,0,0,0,0,0,0,0,0,0,0,0,1,8968,4114,0,4855,
4114,0,0,0,0,0,0,0,0,0,0,0,0,0,0,0,0,1,8968,4114,0,4855,
4114,0,0,0,0,0,0,0,0,0,0,0,0,0,0,0,0,1,8968,4114,0,4855,
4114,0,0,0,0,0,0,0,0,0,0,0,0,0,0,0,0,1,8968,4114,0,4855,
4114,0,0,0,0,0,0,0,0,0,0,0,0,0,0,0,0,1,8968,4114,0,4855,
4114,0,0,0,0,0,0,0,0,0,0,0,0,0,0,0,0,1,8968,4114,0,4855,
4114,0,0,0,0,0,0,0,0,0,0,0,0,0,0,0,0,1,8968,4114,0,4855,
4114,0,0,0,0,0,0,0,0,0,0,0,0,0,0,0,0,1,8968,4114,0,4855,
4114,0,0,0,0,0,0,0,0,0,0,0,0,0,0,0,0,1,8968,4114,0,4855,
4114,0,0,0,0,0,0,0,0,0,0,0,0,0,0,0,0,1,8968,4114,0,4855,
4114,0,0,0,0,0,0,0,0,0,0,0,0,0,0,0,0,1,8968,4114,0,4855,
4114,0,0,0,0,0,0,0,0,0,0,0,0,0,0,0,0,1,8968,4114,0,4855,
4114,0,0,0,0,0,0,0,0,0,0,0,0,0,0,0,0,1,8968,4114,0,4855,
1561,0,1,1,0,0,0,0,0,0,1,0,0,0,0,0,6413,1,8968,1150,6002,4855,
1561,0,1,1,0,0,0,0,0,0,1,0,0,0,0,0,6413,1,8968,1150,6002,4855,
1561,0,1,0,0,0,0,0,0,0,1,0,0,0,0,0,6413,1,8968,1150,6002,4855,
1150,0,0,1,0,0,0,0,0,0,1,0,0,0,0,0,6002,1,8968,1150,6002,4855,
1426,0,0,0,0,0,0,0,0,0,1,0,0,0,0,0,6278,1,8968,1150,6002,4855,
863,0,0,1,0,0,0,0,0,0,1,0,0,0,0,0,5715,1,8968,863,5715,4855,
863,0,0,1,0,0,0,0,0,0,1,0,0,0,0,0,5715,1,8968,863,5715,4855,
863,0,0,1,0,0,0,0,0,0,1,0,0,0,0,0,5715,1,8968,863,5715,4855,
737,0,1,1,0,0,0,0,0,0,1,0,0,0,0,1,5589,1,8968,393,5244,4855,
737,0,1,1,0,0,0,0,0,0,1,0,0,0,0,1,5589,1,8968,393,5244,4855,
587,0,1,1,1,0,0,0,1,0,1,0,0,0,0,0,5439,1,8968,393,5244,4855,
1084,0,1,0,0,0,0,0,0,0,0,0,0,0,0,0,5936,1,8968,141,4993,4855,
1084,0,1,0,0,0,0,0,0,0,1,0,0,0,0,0,5936,1,8968,141,4993,4855,
1963,0,0,1,0,1,0,1,0,0,1,0,0,0,0,0,6816,1,8968,394,5245,4855,
1963,0,0,1,0,1,0,1,0,0,1,0,0,0,0,0,6816,1,8968,394,5245,4855,
571,0,1,1,1,1,0,1,0,0,1,0,0,0,0,0,5419,1,8968,394,5245,4855,
571,0,1,1,1,1,0,1,0,0,1,0,0,0,0,0,5419,1,8968,394,5245,4855,
571,0,1,1,1,1,0,1,0,0,1,0,0,0,0,0,5419,1,8968,394,5245,4855,
1133,0,1,1,0,1,0,0,0,0,1,0,0,0,0,0,5985,1,8968,398,5254,4855,
398,0,1,1,0,1,0,0,0,0,1,0,0,0,0,1,5254,1,8968,398,5254,4855,
2535,0,0,1,0,1,0,0,0,0,1,0,0,0,0,0,7388,1,8968,398,5254,4855,
2535,0,0,1,0,1,0,0,0,0,1,0,0,0,0,0,7388,1,8968,398,5254,4855,
398,0,1,1,0,1,0,0,0,0,1,0,0,0,0,1,5254,1,4375,398,5254,4855,
1561,0,0,1,0,1,0,0,0,0,1,0,0,0,0,0,6413,1,8968,398,5254,4855,
2535,0,0,1,0,1,0,0,0,0,1,0,0,0,0,0,7388,1,8968,398,5254,4855,
1256,0,1,1,0,0,0,0,0,0,1,0,0,0,0,0,6108,1,8968,398,5254,4855,
1256,0,1,1,0,0,0,0,0,0,1,0,0,0,0,0,6108,1,8968,398,5254,4855,
1256,0,1,0,0,0,0,0,0,0,1,0,0,0,0,0,6108,1,8968,398,5254,4855,
1256,0,1,0,0,0,0,0,0,0,1,0,0,0,0,0,6108,1,8968,398,5254,4855,
398,0,1,1,0,1,0,0,0,0,1,0,0,0,0,1,5254,1,8968,398,5254,4855,
398,0,1,1,0,1,0,0,0,0,1,0,0,0,0,1,5254,1,8968,398,5254,4855,
875,0,1,1,0,1,0,0,0,0,1,0,0,0,0,0,5727,1,8968,376,5227,4855,
474,0,1,1,1,0,0,1,0,0,1,0,0,0,0,0,5325,1,8968,376,5227,4855,
1148,0,0,1,0,0,0,0,0,0,1,0,0,0,0,0,6000,1,8968,1037,5889,4855,
31,0,0,1,0,0,0,0,0,0,1,0,0,0,0,1,4883,1,8968,31,4883,4855,
196,0,0,0,1,0,0,0,0,0,0,0,0,0,0,0,5047,1,8968,111,4963,4855,
196,0,0,0,1,0,0,0,0,0,0,0,0,0,0,0,5047,1,8968,111,4963,4855,
296,0,1,1,1,1,0,1,0,0,1,0,0,0,0,0,5148,1,8968,111,4963,4855,
111,0,0,0,1,0,0,0,0,0,0,0,0,0,0,1,4963,1,8968,111,4963,4855,
111,0,0,0,1,0,0,0,0,0,0,0,0,0,0,1,4963,1,8968,111,4963,4855,
142,0,0,0,1,0,0,0,0,0,0,0,0,0,0,0,4994,1,8968,111,4963,4855,
465,0,0,1,1,0,0,1,0,0,1,0,0,0,0,0,5316,1,8968,146,4998,4855,
465,0,0,0,1,0,0,1,0,0,1,0,0,0,0,0,5316,1,8968,146,4998,4855,
442,0,0,1,1,1,0,1,1,0,1,0,0,0,0,1,5294,1,8968,154,5006,4855,
465,0,0,1,1,0,0,1,0,0,1,0,0,0,0,0,5316,1,8968,146,4998,4855,
394,0,0,0,0,0,0,1,0,0,1,0,0,0,0,1,5245,1,8968,146,4998,4855,
1990,0,0,0,0,0,0,1,0,0,0,0,0,0,0,0,6843,1,8968,28,4880,4855,
211,0,0,0,1,0,0,0,0,0,0,0,0,0,0,0,5063,1,8968,28,4880,4855,
211,0,0,0,1,0,0,0,0,0,0,0,0,0,0,0,5063,1,8968,28,4880,4855,
730,0,1,1,0,1,1,0,0,1,1,0,0,0,0,0,5582,1,8968,28,4880,4855,
1561,0,0,1,0,1,0,1,0,0,1,0,0,0,0,0,6413,1,8968,1561,6413,4855,
1561,0,0,1,0,1,0,1,0,0,1,0,0,0,0,0,6413,1,8968,1561,6413,4855,
