F94,F95,F21,F109,F20,F23,F22,F79,F111,F112,F113,
25,2,STYLE,0.03758389261744966,RCN_REDUNDANT_NULLCHECK_OF_NONNULL_VALUE,20,3,1,0.03184713375796178,0.0025477707006369425,0.0012738853503184713,
25,2,PERFORMANCE,0.03355704697986577,SIC_INNER_SHOULD_BE_STATIC,18,2,0,0.03184713375796178,0.0025477707006369425,0.0,
25,2,I18N,0.01476510067114094,DM_CONVERT_CASE,20,3,1,0.03184713375796178,0.0025477707006369425,0.0012738853503184713,
25,2,STYLE,0.03758389261744966,RCN_REDUNDANT_NULLCHECK_OF_NONNULL_VALUE,18,2,1,0.03184713375796178,0.0025477707006369425,0.0012738853503184713,
25,14,STYLE,0.012080536912751677,BC_VACUOUS_INSTANCEOF,17,2,1,0.03184713375796178,0.017834394904458598,0.0012738853503184713,
25,14,STYLE,0.012080536912751677,BC_VACUOUS_INSTANCEOF,17,2,2,0.03184713375796178,0.017834394904458598,0.0025477707006369425,
25,14,STYLE,0.012080536912751677,BC_VACUOUS_INSTANCEOF,17,2,2,0.03184713375796178,0.017834394904458598,0.0025477707006369425,
25,14,STYLE,0.012080536912751677,BC_VACUOUS_INSTANCEOF,17,2,2,0.03184713375796178,0.017834394904458598,0.0025477707006369425,
25,14,STYLE,0.012080536912751677,BC_VACUOUS_INSTANCEOF,17,2,2,0.03184713375796178,0.017834394904458598,0.0025477707006369425,
25,14,STYLE,0.012080536912751677,BC_VACUOUS_INSTANCEOF,17,2,1,0.03184713375796178,0.017834394904458598,0.0012738853503184713,
25,14,STYLE,0.012080536912751677,BC_VACUOUS_INSTANCEOF,17,2,2,0.03184713375796178,0.017834394904458598,0.0025477707006369425,
25,14,STYLE,0.012080536912751677,BC_VACUOUS_INSTANCEOF,17,2,2,0.03184713375796178,0.017834394904458598,0.0025477707006369425,
25,14,BAD_PRACTICE,0.010738255033557046,NM_CONFUSING,19,3,1,0.03184713375796178,0.017834394904458598,0.0012738853503184713,
25,14,BAD_PRACTICE,0.010738255033557046,NM_CONFUSING,19,3,1,0.03184713375796178,0.017834394904458598,0.0012738853503184713,
25,14,BAD_PRACTICE,0.010738255033557046,NM_CONFUSING,19,3,1,0.03184713375796178,0.017834394904458598,0.0012738853503184713,
25,14,BAD_PRACTICE,0.010738255033557046,NM_CONFUSING,19,3,1,0.03184713375796178,0.017834394904458598,0.0012738853503184713,
25,14,BAD_PRACTICE,0.010738255033557046,NM_CONFUSING,19,3,1,0.03184713375796178,0.017834394904458598,0.0012738853503184713,
25,14,BAD_PRACTICE,0.010738255033557046,NM_CONFUSING,19,3,1,0.03184713375796178,0.017834394904458598,0.0012738853503184713,
25,1,BAD_PRACTICE,0.010738255033557046,NM_CONFUSING,19,3,0,0.03184713375796178,0.0012738853503184713,6.369426751592356E-4,
25,3,STYLE,0.06040268456375839,ST_WRITE_TO_STATIC_FROM_INSTANCE_METHOD,17,2,1,0.03184713375796178,0.003821656050955414,0.0012738853503184713,
25,3,PERFORMANCE,0.03087248322147651,URF_UNREAD_FIELD,20,3,0,0.03184713375796178,0.003821656050955414,0.0,
25,2,STYLE,0.0026845637583892616,BC_UNCONFIRMED_CAST,20,3,2,0.03184713375796178,0.0025477707006369425,0.0025477707006369425,
25,2,STYLE,0.0026845637583892616,BC_UNCONFIRMED_CAST,20,3,2,0.03184713375796178,0.0025477707006369425,0.0025477707006369425,
25,1,PERFORMANCE,0.0013422818791946308,DM_STRING_CTOR,18,2,1,0.03184713375796178,0.0012738853503184713,0.0012738853503184713,
4,4,EXPERIMENTAL,0.020134228187919462,OBL_UNSATISFIED_OBLIGATION_EXCEPTION_EDGE,20,2,4,0.005095541401273885,0.005095541401273885,0.005095541401273885,
4,4,EXPERIMENTAL,0.020134228187919462,OBL_UNSATISFIED_OBLIGATION_EXCEPTION_EDGE,20,2,4,0.005095541401273885,0.005095541401273885,0.005095541401273885,
4,4,BAD_PRACTICE,0.036241610738255034,OS_OPEN_STREAM_EXCEPTION_PATH,19,3,4,0.005095541401273885,0.005095541401273885,0.005095541401273885,
4,4,BAD_PRACTICE,0.036241610738255034,OS_OPEN_STREAM_EXCEPTION_PATH,19,3,4,0.005095541401273885,0.005095541401273885,0.005095541401273885,
9,8,I18N,0.11275167785234899,DM_DEFAULT_ENCODING,19,1,5,0.011464968152866241,0.01019108280254777,0.006369426751592357,
9,8,I18N,0.11275167785234899,DM_DEFAULT_ENCODING,19,1,5,0.011464968152866241,0.01019108280254777,0.006369426751592357,
9,8,MT_CORRECTNESS,0.0013422818791946308,NN_NAKED_NOTIFY,14,2,5,0.011464968152866241,0.01019108280254777,0.006369426751592357,
9,8,STYLE,0.004026845637583893,RCN_REDUNDANT_NULLCHECK_OF_NULL_VALUE,18,2,5,0.011464968152866241,0.01019108280254777,0.006369426751592357,
9,8,STYLE,0.06040268456375839,REC_CATCH_EXCEPTION,20,3,5,0.011464968152866241,0.01019108280254777,0.006369426751592357,
9,8,STYLE,0.028187919463087248,UWF_FIELD_NOT_INITIALIZED_IN_CONSTRUCTOR,20,3,1,0.011464968152866241,0.01019108280254777,0.0012738853503184713,
9,8,MT_CORRECTNESS,0.0026845637583892616,UW_UNCOND_WAIT,14,2,2,0.011464968152866241,0.01019108280254777,0.0025477707006369425,
9,8,MT_CORRECTNESS,0.004026845637583893,WA_NOT_IN_LOOP,14,2,2,0.011464968152866241,0.01019108280254777,0.0025477707006369425,
9,1,I18N,0.01476510067114094,DM_CONVERT_CASE,20,3,1,0.011464968152866241,0.0012738853503184713,0.0012738853503184713,
69,12,STYLE,0.06040268456375839,ST_WRITE_TO_STATIC_FROM_INSTANCE_METHOD,17,2,2,0.08789808917197452,0.015286624203821656,0.0025477707006369425,
69,12,STYLE,0.06040268456375839,ST_WRITE_TO_STATIC_FROM_INSTANCE_METHOD,17,2,2,0.08789808917197452,0.015286624203821656,0.0025477707006369425,
69,12,STYLE,0.06040268456375839,ST_WRITE_TO_STATIC_FROM_INSTANCE_METHOD,17,2,1,0.08789808917197452,0.015286624203821656,0.0012738853503184713,
69,12,STYLE,0.06040268456375839,ST_WRITE_TO_STATIC_FROM_INSTANCE_METHOD,17,2,2,0.08789808917197452,0.015286624203821656,0.0025477707006369425,
69,12,STYLE,0.06040268456375839,ST_WRITE_TO_STATIC_FROM_INSTANCE_METHOD,17,2,1,0.08789808917197452,0.015286624203821656,0.0012738853503184713,
69,12,STYLE,0.06040268456375839,ST_WRITE_TO_STATIC_FROM_INSTANCE_METHOD,17,2,1,0.08789808917197452,0.015286624203821656,0.0012738853503184713,
69,12,STYLE,0.06040268456375839,ST_WRITE_TO_STATIC_FROM_INSTANCE_METHOD,17,2,1,0.08789808917197452,0.015286624203821656,0.0012738853503184713,
69,12,STYLE,0.06040268456375839,ST_WRITE_TO_STATIC_FROM_INSTANCE_METHOD,17,2,1,0.08789808917197452,0.015286624203821656,0.0012738853503184713,
69,12,STYLE,0.06040268456375839,ST_WRITE_TO_STATIC_FROM_INSTANCE_METHOD,17,2,1,0.08789808917197452,0.015286624203821656,0.0012738853503184713,
69,12,STYLE,0.06040268456375839,ST_WRITE_TO_STATIC_FROM_INSTANCE_METHOD,17,2,1,0.08789808917197452,0.015286624203821656,0.0012738853503184713,
69,12,STYLE,0.06040268456375839,ST_WRITE_TO_STATIC_FROM_INSTANCE_METHOD,17,2,1,0.08789808917197452,0.015286624203821656,0.0012738853503184713,
69,12,STYLE,0.06040268456375839,ST_WRITE_TO_STATIC_FROM_INSTANCE_METHOD,17,2,2,0.08789808917197452,0.015286624203821656,0.0025477707006369425,
69,21,STYLE,0.04563758389261745,DLS_DEAD_LOCAL_STORE,15,1,2,0.08789808917197452,0.0267515923566879,0.0025477707006369425,
69,21,STYLE,0.04563758389261745,DLS_DEAD_LOCAL_STORE,15,1,2,0.08789808917197452,0.0267515923566879,0.0025477707006369425,
69,21,STYLE,0.04563758389261745,DLS_DEAD_LOCAL_STORE,15,1,2,0.08789808917197452,0.0267515923566879,0.0025477707006369425,
69,21,I18N,0.11275167785234899,DM_DEFAULT_ENCODING,19,1,1,0.08789808917197452,0.0267515923566879,0.0012738853503184713,
69,21,I18N,0.11275167785234899,DM_DEFAULT_ENCODING,19,1,1,0.08789808917197452,0.0267515923566879,0.0012738853503184713,
69,21,I18N,0.11275167785234899,DM_DEFAULT_ENCODING,19,1,5,0.08789808917197452,0.0267515923566879,0.006369426751592357,
69,21,PERFORMANCE,0.032214765100671144,DM_NUMBER_CTOR,18,2,1,0.08789808917197452,0.0267515923566879,0.0012738853503184713,
69,21,PERFORMANCE,0.032214765100671144,DM_NUMBER_CTOR,18,2,1,0.08789808917197452,0.0267515923566879,0.0012738853503184713,
69,21,PERFORMANCE,0.032214765100671144,DM_NUMBER_CTOR,18,2,1,0.08789808917197452,0.0267515923566879,0.0012738853503184713,
69,21,PERFORMANCE,0.032214765100671144,DM_NUMBER_CTOR,18,2,2,0.08789808917197452,0.0267515923566879,0.0025477707006369425,
69,21,PERFORMANCE,0.032214765100671144,DM_NUMBER_CTOR,18,2,2,0.08789808917197452,0.0267515923566879,0.0025477707006369425,
69,21,PERFORMANCE,0.032214765100671144,DM_NUMBER_CTOR,18,2,1,0.08789808917197452,0.0267515923566879,0.0012738853503184713,
69,21,PERFORMANCE,0.032214765100671144,DM_NUMBER_CTOR,18,2,1,0.08789808917197452,0.0267515923566879,0.0012738853503184713,
69,21,PERFORMANCE,0.032214765100671144,DM_NUMBER_CTOR,18,2,2,0.08789808917197452,0.0267515923566879,0.0025477707006369425,
69,21,PERFORMANCE,0.032214765100671144,DM_NUMBER_CTOR,18,2,1,0.08789808917197452,0.0267515923566879,0.0012738853503184713,
69,21,PERFORMANCE,0.032214765100671144,DM_NUMBER_CTOR,18,2,1,0.08789808917197452,0.0267515923566879,0.0012738853503184713,
69,21,PERFORMANCE,0.032214765100671144,DM_NUMBER_CTOR,18,2,1,0.08789808917197452,0.0267515923566879,0.0012738853503184713,
69,21,EXPERIMENTAL,0.020134228187919462,OBL_UNSATISFIED_OBLIGATION_EXCEPTION_EDGE,20,2,5,0.08789808917197452,0.0267515923566879,0.006369426751592357,
69,21,EXPERIMENTAL,0.020134228187919462,OBL_UNSATISFIED_OBLIGATION_EXCEPTION_EDGE,20,2,5,0.08789808917197452,0.0267515923566879,0.006369426751592357,
69,21,BAD_PRACTICE,0.036241610738255034,OS_OPEN_STREAM_EXCEPTION_PATH,19,3,5,0.08789808917197452,0.0267515923566879,0.006369426751592357,
69,21,BAD_PRACTICE,0.036241610738255034,OS_OPEN_STREAM_EXCEPTION_PATH,19,3,5,0.08789808917197452,0.0267515923566879,0.006369426751592357,
69,1,BAD_PRACTICE,0.010738255033557046,NM_CONFUSING,19,3,0,0.08789808917197452,0.0012738853503184713,6.369426751592356E-4,
69,2,PERFORMANCE,0.032214765100671144,DM_NUMBER_CTOR,18,2,1,0.08789808917197452,0.0025477707006369425,0.0012738853503184713,
69,2,PERFORMANCE,0.032214765100671144,DM_NUMBER_CTOR,18,2,1,0.08789808917197452,0.0025477707006369425,0.0012738853503184713,
69,1,MALICIOUS_CODE,0.0026845637583892616,MS_SHOULD_BE_FINAL,16,1,0,0.08789808917197452,0.0012738853503184713,0.0,
69,1,I18N,0.11275167785234899,DM_DEFAULT_ENCODING,19,1,1,0.08789808917197452,0.0012738853503184713,0.0012738853503184713,
69,2,PERFORMANCE,0.0013422818791946308,DM_BOXED_PRIMITIVE_TOSTRING,18,2,2,0.08789808917197452,0.0025477707006369425,0.0025477707006369425,
69,2,PERFORMANCE,0.032214765100671144,DM_NUMBER_CTOR,20,3,2,0.08789808917197452,0.0025477707006369425,0.0025477707006369425,
69,13,I18N,0.11275167785234899,DM_DEFAULT_ENCODING,19,1,1,0.08789808917197452,0.016560509554140127,0.0012738853503184713,
69,13,I18N,0.11275167785234899,DM_DEFAULT_ENCODING,19,1,1,0.08789808917197452,0.016560509554140127,0.0012738853503184713,
69,13,I18N,0.11275167785234899,DM_DEFAULT_ENCODING,19,1,5,0.08789808917197452,0.016560509554140127,0.006369426751592357,
69,13,PERFORMANCE,0.032214765100671144,DM_NUMBER_CTOR,18,2,1,0.08789808917197452,0.016560509554140127,0.0012738853503184713,
69,13,PERFORMANCE,0.032214765100671144,DM_NUMBER_CTOR,18,2,1,0.08789808917197452,0.016560509554140127,0.0012738853503184713,
69,13,PERFORMANCE,0.032214765100671144,DM_NUMBER_CTOR,18,2,1,0.08789808917197452,0.016560509554140127,0.0012738853503184713,
69,13,PERFORMANCE,0.032214765100671144,DM_NUMBER_CTOR,18,2,1,0.08789808917197452,0.016560509554140127,0.0012738853503184713,
69,13,PERFORMANCE,0.032214765100671144,DM_NUMBER_CTOR,18,2,1,0.08789808917197452,0.016560509554140127,0.0012738853503184713,
69,13,PERFORMANCE,0.032214765100671144,DM_NUMBER_CTOR,18,2,1,0.08789808917197452,0.016560509554140127,0.0012738853503184713,
69,13,EXPERIMENTAL,0.020134228187919462,OBL_UNSATISFIED_OBLIGATION_EXCEPTION_EDGE,20,2,5,0.08789808917197452,0.016560509554140127,0.006369426751592357,
69,13,EXPERIMENTAL,0.020134228187919462,OBL_UNSATISFIED_OBLIGATION_EXCEPTION_EDGE,20,2,5,0.08789808917197452,0.016560509554140127,0.006369426751592357,
69,13,BAD_PRACTICE,0.036241610738255034,OS_OPEN_STREAM_EXCEPTION_PATH,19,3,5,0.08789808917197452,0.016560509554140127,0.006369426751592357,
69,13,BAD_PRACTICE,0.036241610738255034,OS_OPEN_STREAM_EXCEPTION_PATH,19,3,5,0.08789808917197452,0.016560509554140127,0.006369426751592357,
69,10,I18N,0.11275167785234899,DM_DEFAULT_ENCODING,19,1,1,0.08789808917197452,0.012738853503184714,0.0012738853503184713,
69,10,I18N,0.11275167785234899,DM_DEFAULT_ENCODING,19,1,1,0.08789808917197452,0.012738853503184714,0.0012738853503184713,
69,10,I18N,0.11275167785234899,DM_DEFAULT_ENCODING,19,1,5,0.08789808917197452,0.012738853503184714,0.006369426751592357,
69,10,PERFORMANCE,0.032214765100671144,DM_NUMBER_CTOR,18,2,1,0.08789808917197452,0.012738853503184714,0.0012738853503184713,
69,10,PERFORMANCE,0.032214765100671144,DM_NUMBER_CTOR,18,2,1,0.08789808917197452,0.012738853503184714,0.0012738853503184713,
69,10,PERFORMANCE,0.032214765100671144,DM_NUMBER_CTOR,18,2,1,0.08789808917197452,0.012738853503184714,0.0012738853503184713,
69,10,EXPERIMENTAL,0.020134228187919462,OBL_UNSATISFIED_OBLIGATION_EXCEPTION_EDGE,20,2,5,0.08789808917197452,0.012738853503184714,0.006369426751592357,
69,10,EXPERIMENTAL,0.020134228187919462,OBL_UNSATISFIED_OBLIGATION_EXCEPTION_EDGE,20,2,5,0.08789808917197452,0.012738853503184714,0.006369426751592357,
69,10,BAD_PRACTICE,0.036241610738255034,OS_OPEN_STREAM_EXCEPTION_PATH,19,3,5,0.08789808917197452,0.012738853503184714,0.006369426751592357,
69,10,BAD_PRACTICE,0.036241610738255034,OS_OPEN_STREAM_EXCEPTION_PATH,19,3,5,0.08789808917197452,0.012738853503184714,0.006369426751592357,
69,2,I18N,0.11275167785234899,DM_DEFAULT_ENCODING,19,1,2,0.08789808917197452,0.0025477707006369425,0.0025477707006369425,
69,2,I18N,0.11275167785234899,DM_DEFAULT_ENCODING,19,1,2,0.08789808917197452,0.0025477707006369425,0.0025477707006369425,
69,1,STYLE,0.0013422818791946308,UC_USELESS_OBJECT,17,2,1,0.08789808917197452,0.0012738853503184713,0.0012738853503184713,
69,1,PERFORMANCE,0.03355704697986577,SIC_INNER_SHOULD_BE_STATIC,18,2,0,0.08789808917197452,0.0012738853503184713,0.0,
41,3,STYLE,0.01476510067114094,PZLA_PREFER_ZERO_LENGTH_ARRAYS,20,3,1,0.05222929936305733,0.003821656050955414,0.0012738853503184713,
41,3,STYLE,0.03758389261744966,RCN_REDUNDANT_NULLCHECK_OF_NONNULL_VALUE,20,3,1,0.05222929936305733,0.003821656050955414,0.0012738853503184713,
41,3,PERFORMANCE,0.03355704697986577,SIC_INNER_SHOULD_BE_STATIC,18,2,0,0.05222929936305733,0.003821656050955414,0.0,
41,3,BAD_PRACTICE,0.08322147651006712,RV_RETURN_VALUE_IGNORED_BAD_PRACTICE,16,2,1,0.05222929936305733,0.003821656050955414,0.0012738853503184713,
41,3,STYLE,0.06040268456375839,ST_WRITE_TO_STATIC_FROM_INSTANCE_METHOD,17,2,2,0.05222929936305733,0.003821656050955414,0.0025477707006369425,
41,3,STYLE,0.06040268456375839,ST_WRITE_TO_STATIC_FROM_INSTANCE_METHOD,17,2,2,0.05222929936305733,0.003821656050955414,0.0025477707006369425,
41,4,STYLE,0.06040268456375839,ST_WRITE_TO_STATIC_FROM_INSTANCE_METHOD,17,2,1,0.05222929936305733,0.005095541401273885,0.0012738853503184713,
41,4,PERFORMANCE,0.03087248322147651,URF_UNREAD_FIELD,20,3,0,0.05222929936305733,0.005095541401273885,0.0,
41,2,STYLE,0.04563758389261745,DLS_DEAD_LOCAL_STORE,17,2,2,0.05222929936305733,0.0025477707006369425,0.0025477707006369425,
41,2,STYLE,0.04563758389261745,DLS_DEAD_LOCAL_STORE,20,3,2,0.05222929936305733,0.0025477707006369425,0.0025477707006369425,
41,2,MT_CORRECTNESS,0.0026845637583892616,UG_SYNC_SET_UNSYNC_GET,14,2,1,0.05222929936305733,0.0025477707006369425,0.0012738853503184713,
41,2,PERFORMANCE,0.0013422818791946308,SIC_INNER_SHOULD_BE_STATIC_NEEDS_THIS,20,3,0,0.05222929936305733,0.0025477707006369425,0.0,
41,3,BAD_PRACTICE,0.0013422818791946308,NM_SAME_SIMPLE_NAME_AS_INTERFACE,16,2,0,0.05222929936305733,0.003821656050955414,0.0,
41,3,MT_CORRECTNESS,0.0026845637583892616,UG_SYNC_SET_UNSYNC_GET,14,2,1,0.05222929936305733,0.003821656050955414,0.0012738853503184713,
41,3,PERFORMANCE,0.03355704697986577,SIC_INNER_SHOULD_BE_STATIC,18,2,0,0.05222929936305733,0.003821656050955414,0.0,
41,5,BAD_PRACTICE,0.08322147651006712,RV_RETURN_VALUE_IGNORED_BAD_PRACTICE,16,2,1,0.05222929936305733,0.006369426751592357,0.0012738853503184713,
41,5,STYLE,0.06040268456375839,ST_WRITE_TO_STATIC_FROM_INSTANCE_METHOD,17,2,4,0.05222929936305733,0.006369426751592357,0.005095541401273885,
41,5,STYLE,0.06040268456375839,ST_WRITE_TO_STATIC_FROM_INSTANCE_METHOD,17,2,4,0.05222929936305733,0.006369426751592357,0.005095541401273885,
41,5,STYLE,0.06040268456375839,ST_WRITE_TO_STATIC_FROM_INSTANCE_METHOD,17,2,4,0.05222929936305733,0.006369426751592357,0.005095541401273885,
41,5,STYLE,0.06040268456375839,ST_WRITE_TO_STATIC_FROM_INSTANCE_METHOD,17,2,4,0.05222929936305733,0.006369426751592357,0.005095541401273885,
41,5,STYLE,0.06040268456375839,ST_WRITE_TO_STATIC_FROM_INSTANCE_METHOD,17,2,4,0.05222929936305733,0.006369426751592357,0.005095541401273885,
41,5,STYLE,0.06040268456375839,ST_WRITE_TO_STATIC_FROM_INSTANCE_METHOD,17,2,4,0.05222929936305733,0.006369426751592357,0.005095541401273885,
41,5,STYLE,0.06040268456375839,ST_WRITE_TO_STATIC_FROM_INSTANCE_METHOD,17,2,4,0.05222929936305733,0.006369426751592357,0.005095541401273885,
41,5,STYLE,0.06040268456375839,ST_WRITE_TO_STATIC_FROM_INSTANCE_METHOD,17,2,4,0.05222929936305733,0.006369426751592357,0.005095541401273885,
41,5,PERFORMANCE,0.03087248322147651,URF_UNREAD_FIELD,20,3,0,0.05222929936305733,0.006369426751592357,0.0,
41,2,STYLE,0.06040268456375839,ST_WRITE_TO_STATIC_FROM_INSTANCE_METHOD,17,2,1,0.05222929936305733,0.0025477707006369425,0.0012738853503184713,
41,4,PERFORMANCE,0.005369127516778523,DM_GC,16,1,1,0.05222929936305733,0.005095541401273885,0.0012738853503184713,
41,4,PERFORMANCE,0.005369127516778523,DM_GC,16,1,1,0.05222929936305733,0.005095541401273885,0.0012738853503184713,
41,4,PERFORMANCE,0.005369127516778523,DM_GC,16,1,1,0.05222929936305733,0.005095541401273885,0.0012738853503184713,
41,4,PERFORMANCE,0.005369127516778523,DM_GC,16,1,1,0.05222929936305733,0.005095541401273885,0.0012738853503184713,
41,2,PERFORMANCE,0.03355704697986577,SIC_INNER_SHOULD_BE_STATIC,18,2,0,0.05222929936305733,0.0025477707006369425,0.0,
41,2,PERFORMANCE,0.03355704697986577,SIC_INNER_SHOULD_BE_STATIC,18,2,0,0.05222929936305733,0.0025477707006369425,0.0,
41,4,STYLE,0.04563758389261745,DLS_DEAD_LOCAL_STORE,17,2,1,0.05222929936305733,0.005095541401273885,0.0012738853503184713,
41,4,STYLE,0.020134228187919462,NP_NULL_ON_SOME_PATH_FROM_RETURN_VALUE,13,2,2,0.05222929936305733,0.005095541401273885,0.0025477707006369425,
41,4,BAD_PRACTICE,0.08322147651006712,RV_RETURN_VALUE_IGNORED_BAD_PRACTICE,16,2,2,0.05222929936305733,0.005095541401273885,0.0025477707006369425,
41,4,PERFORMANCE,0.03355704697986577,SIC_INNER_SHOULD_BE_STATIC,18,2,0,0.05222929936305733,0.005095541401273885,0.0,
41,2,BAD_PRACTICE,0.004026845637583893,SE_BAD_FIELD_INNER_CLASS,19,3,0,0.05222929936305733,0.0025477707006369425,0.0,
41,2,PERFORMANCE,0.03355704697986577,SIC_INNER_SHOULD_BE_STATIC,18,2,0,0.05222929936305733,0.0025477707006369425,0.0,
75,3,BAD_PRACTICE,0.022818791946308724,DE_MIGHT_IGNORE,19,3,2,0.09554140127388536,0.003821656050955414,0.0025477707006369425,
75,3,CORRECTNESS,0.0026845637583892616,NP_NULL_PARAM_DEREF,8,2,2,0.09554140127388536,0.003821656050955414,0.0025477707006369425,
75,3,BAD_PRACTICE,0.08322147651006712,RV_RETURN_VALUE_IGNORED_BAD_PRACTICE,16,2,1,0.09554140127388536,0.003821656050955414,0.0012738853503184713,
75,1,STYLE,0.06040268456375839,REC_CATCH_EXCEPTION,20,3,1,0.09554140127388536,0.0012738853503184713,0.0012738853503184713,
75,2,I18N,0.11275167785234899,DM_DEFAULT_ENCODING,19,1,2,0.09554140127388536,0.0025477707006369425,0.0025477707006369425,
75,2,I18N,0.11275167785234899,DM_DEFAULT_ENCODING,19,1,2,0.09554140127388536,0.0025477707006369425,0.0025477707006369425,
75,1,STYLE,0.028187919463087248,UWF_FIELD_NOT_INITIALIZED_IN_CONSTRUCTOR,20,3,1,0.09554140127388536,0.0012738853503184713,0.0012738853503184713,
75,1,STYLE,0.01476510067114094,PZLA_PREFER_ZERO_LENGTH_ARRAYS,20,3,1,0.09554140127388536,0.0012738853503184713,0.0012738853503184713,
75,1,STYLE,0.03758389261744966,RCN_REDUNDANT_NULLCHECK_OF_NONNULL_VALUE,18,2,1,0.09554140127388536,0.0012738853503184713,0.0012738853503184713,
75,5,I18N,0.11275167785234899,DM_DEFAULT_ENCODING,19,1,2,0.09554140127388536,0.006369426751592357,0.0025477707006369425,
75,5,I18N,0.11275167785234899,DM_DEFAULT_ENCODING,19,1,2,0.09554140127388536,0.006369426751592357,0.0025477707006369425,
75,5,BAD_PRACTICE,0.005369127516778523,OS_OPEN_STREAM,16,2,2,0.09554140127388536,0.006369426751592357,0.0025477707006369425,
75,5,BAD_PRACTICE,0.005369127516778523,OS_OPEN_STREAM,16,2,2,0.09554140127388536,0.006369426751592357,0.0025477707006369425,
75,5,PERFORMANCE,0.03355704697986577,SIC_INNER_SHOULD_BE_STATIC,18,2,0,0.09554140127388536,0.006369426751592357,0.0,
75,1,BAD_PRACTICE,0.08322147651006712,RV_RETURN_VALUE_IGNORED_BAD_PRACTICE,16,2,1,0.09554140127388536,0.0012738853503184713,0.0012738853503184713,
75,2,I18N,0.11275167785234899,DM_DEFAULT_ENCODING,19,1,2,0.09554140127388536,0.0025477707006369425,0.0025477707006369425,
75,2,BAD_PRACTICE,0.08322147651006712,RV_RETURN_VALUE_IGNORED_BAD_PRACTICE,16,2,2,0.09554140127388536,0.0025477707006369425,0.0025477707006369425,
75,2,STYLE,0.010738255033557046,BC_UNCONFIRMED_CAST_OF_RETURN_VALUE,20,3,1,0.09554140127388536,0.0025477707006369425,0.0012738853503184713,
75,2,STYLE,0.03758389261744966,RCN_REDUNDANT_NULLCHECK_OF_NONNULL_VALUE,18,2,1,0.09554140127388536,0.0025477707006369425,0.0012738853503184713,
75,3,I18N,0.11275167785234899,DM_DEFAULT_ENCODING,19,1,3,0.09554140127388536,0.003821656050955414,0.003821656050955414,
75,3,BAD_PRACTICE,0.036241610738255034,OS_OPEN_STREAM_EXCEPTION_PATH,19,3,3,0.09554140127388536,0.003821656050955414,0.003821656050955414,
75,3,BAD_PRACTICE,0.08322147651006712,RV_RETURN_VALUE_IGNORED_BAD_PRACTICE,16,2,3,0.09554140127388536,0.003821656050955414,0.003821656050955414,
75,3,I18N,0.11275167785234899,DM_DEFAULT_ENCODING,19,1,3,0.09554140127388536,0.003821656050955414,0.003821656050955414,
75,3,BAD_PRACTICE,0.036241610738255034,OS_OPEN_STREAM_EXCEPTION_PATH,19,3,3,0.09554140127388536,0.003821656050955414,0.003821656050955414,
75,3,BAD_PRACTICE,0.08322147651006712,RV_RETURN_VALUE_IGNORED_BAD_PRACTICE,16,2,3,0.09554140127388536,0.003821656050955414,0.003821656050955414,
75,4,BAD_PRACTICE,0.0026845637583892616,RC_REF_COMPARISON_BAD_PRACTICE_BOOLEAN,16,2,1,0.09554140127388536,0.005095541401273885,0.0012738853503184713,
75,4,STYLE,0.06040268456375839,REC_CATCH_EXCEPTION,20,3,3,0.09554140127388536,0.005095541401273885,0.003821656050955414,
75,4,BAD_PRACTICE,0.08322147651006712,RV_RETURN_VALUE_IGNORED_BAD_PRACTICE,16,2,3,0.09554140127388536,0.005095541401273885,0.003821656050955414,
75,4,BAD_PRACTICE,0.08322147651006712,RV_RETURN_VALUE_IGNORED_BAD_PRACTICE,16,2,3,0.09554140127388536,0.005095541401273885,0.003821656050955414,
75,1,CORRECTNESS,0.0026845637583892616,NP_NULL_ON_SOME_PATH_EXCEPTION,11,2,1,0.09554140127388536,0.0012738853503184713,0.0012738853503184713,
75,2,STYLE,0.010738255033557046,BC_UNCONFIRMED_CAST_OF_RETURN_VALUE,20,3,1,0.09554140127388536,0.0025477707006369425,0.0012738853503184713,
75,2,STYLE,0.03758389261744966,RCN_REDUNDANT_NULLCHECK_OF_NONNULL_VALUE,18,2,1,0.09554140127388536,0.0025477707006369425,0.0012738853503184713,
75,2,STYLE,0.010738255033557046,BC_UNCONFIRMED_CAST_OF_RETURN_VALUE,20,3,1,0.09554140127388536,0.0025477707006369425,0.0012738853503184713,
75,2,STYLE,0.03758389261744966,RCN_REDUNDANT_NULLCHECK_OF_NONNULL_VALUE,18,2,1,0.09554140127388536,0.0025477707006369425,0.0012738853503184713,
75,3,I18N,0.11275167785234899,DM_DEFAULT_ENCODING,19,1,3,0.09554140127388536,0.003821656050955414,0.003821656050955414,
75,3,BAD_PRACTICE,0.036241610738255034,OS_OPEN_STREAM_EXCEPTION_PATH,19,3,3,0.09554140127388536,0.003821656050955414,0.003821656050955414,
75,3,BAD_PRACTICE,0.08322147651006712,RV_RETURN_VALUE_IGNORED_BAD_PRACTICE,16,2,3,0.09554140127388536,0.003821656050955414,0.003821656050955414,
75,7,I18N,0.11275167785234899,DM_DEFAULT_ENCODING,19,1,7,0.09554140127388536,0.008917197452229299,0.008917197452229299,
75,7,STYLE,0.006711409395973154,NP_DEREFERENCE_OF_READLINE_VALUE,15,2,7,0.09554140127388536,0.008917197452229299,0.008917197452229299,
75,7,STYLE,0.006711409395973154,NP_DEREFERENCE_OF_READLINE_VALUE,15,2,7,0.09554140127388536,0.008917197452229299,0.008917197452229299,
75,7,STYLE,0.006711409395973154,NP_DEREFERENCE_OF_READLINE_VALUE,15,2,7,0.09554140127388536,0.008917197452229299,0.008917197452229299,
75,7,STYLE,0.006711409395973154,NP_DEREFERENCE_OF_READLINE_VALUE,15,2,7,0.09554140127388536,0.008917197452229299,0.008917197452229299,
75,7,BAD_PRACTICE,0.036241610738255034,OS_OPEN_STREAM_EXCEPTION_PATH,19,3,7,0.09554140127388536,0.008917197452229299,0.008917197452229299,
75,7,BAD_PRACTICE,0.08322147651006712,RV_RETURN_VALUE_IGNORED_BAD_PRACTICE,16,2,7,0.09554140127388536,0.008917197452229299,0.008917197452229299,
75,3,I18N,0.11275167785234899,DM_DEFAULT_ENCODING,19,1,3,0.09554140127388536,0.003821656050955414,0.003821656050955414,
75,3,BAD_PRACTICE,0.036241610738255034,OS_OPEN_STREAM_EXCEPTION_PATH,19,3,3,0.09554140127388536,0.003821656050955414,0.003821656050955414,
75,3,BAD_PRACTICE,0.08322147651006712,RV_RETURN_VALUE_IGNORED_BAD_PRACTICE,16,2,3,0.09554140127388536,0.003821656050955414,0.003821656050955414,
75,2,STYLE,0.03758389261744966,RCN_REDUNDANT_NULLCHECK_OF_NONNULL_VALUE,18,2,1,0.09554140127388536,0.0025477707006369425,0.0012738853503184713,
75,6,BAD_PRACTICE,0.022818791946308724,DE_MIGHT_IGNORE,19,3,1,0.09554140127388536,0.007643312101910828,0.0012738853503184713,
75,6,STYLE,0.06040268456375839,ST_WRITE_TO_STATIC_FROM_INSTANCE_METHOD,15,1,2,0.09554140127388536,0.007643312101910828,0.0025477707006369425,
75,6,STYLE,0.06040268456375839,ST_WRITE_TO_STATIC_FROM_INSTANCE_METHOD,15,1,2,0.09554140127388536,0.007643312101910828,0.0025477707006369425,
75,6,STYLE,0.03758389261744966,RCN_REDUNDANT_NULLCHECK_OF_NONNULL_VALUE,20,3,2,0.09554140127388536,0.007643312101910828,0.0025477707006369425,
75,6,STYLE,0.06040268456375839,REC_CATCH_EXCEPTION,20,3,2,0.09554140127388536,0.007643312101910828,0.0025477707006369425,
75,6,STYLE,0.028187919463087248,UWF_FIELD_NOT_INITIALIZED_IN_CONSTRUCTOR,20,3,1,0.09554140127388536,0.007643312101910828,0.0012738853503184713,
75,2,MT_CORRECTNESS,0.0026845637583892616,UW_UNCOND_WAIT,17,3,2,0.09554140127388536,0.0025477707006369425,0.0025477707006369425,
75,2,MT_CORRECTNESS,0.004026845637583893,WA_NOT_IN_LOOP,17,3,2,0.09554140127388536,0.0025477707006369425,0.0025477707006369425,
75,1,STYLE,0.03758389261744966,RCN_REDUNDANT_NULLCHECK_OF_NONNULL_VALUE,18,2,1,0.09554140127388536,0.0012738853503184713,0.0012738853503184713,
75,1,STYLE,0.010738255033557046,BC_UNCONFIRMED_CAST_OF_RETURN_VALUE,20,3,1,0.09554140127388536,0.0012738853503184713,0.0012738853503184713,
75,2,I18N,0.11275167785234899,DM_DEFAULT_ENCODING,19,1,1,0.09554140127388536,0.0025477707006369425,0.0012738853503184713,
75,2,BAD_PRACTICE,0.004026845637583893,HE_EQUALS_USE_HASHCODE,14,1,1,0.09554140127388536,0.0025477707006369425,0.0012738853503184713,
75,1,I18N,0.11275167785234899,DM_DEFAULT_ENCODING,19,1,1,0.09554140127388536,0.0012738853503184713,0.0012738853503184713,
75,2,I18N,0.11275167785234899,DM_DEFAULT_ENCODING,19,1,2,0.09554140127388536,0.0025477707006369425,0.0025477707006369425,
75,2,BAD_PRACTICE,0.08322147651006712,RV_RETURN_VALUE_IGNORED_BAD_PRACTICE,16,2,2,0.09554140127388536,0.0025477707006369425,0.0025477707006369425,
75,3,BAD_PRACTICE,0.08322147651006712,RV_RETURN_VALUE_IGNORED_BAD_PRACTICE,16,2,1,0.09554140127388536,0.003821656050955414,0.0012738853503184713,
75,3,BAD_PRACTICE,0.08322147651006712,RV_RETURN_VALUE_IGNORED_BAD_PRACTICE,16,2,1,0.09554140127388536,0.003821656050955414,0.0012738853503184713,
75,3,BAD_PRACTICE,0.08322147651006712,RV_RETURN_VALUE_IGNORED_BAD_PRACTICE,16,2,1,0.09554140127388536,0.003821656050955414,0.0012738853503184713,
75,2,BAD_PRACTICE,0.08322147651006712,RV_RETURN_VALUE_IGNORED_BAD_PRACTICE,16,2,1,0.09554140127388536,0.0025477707006369425,0.0012738853503184713,
75,2,BAD_PRACTICE,0.08322147651006712,RV_RETURN_VALUE_IGNORED_BAD_PRACTICE,16,2,1,0.09554140127388536,0.0025477707006369425,0.0012738853503184713,
75,2,I18N,0.11275167785234899,DM_DEFAULT_ENCODING,19,1,2,0.09554140127388536,0.0025477707006369425,0.0025477707006369425,
75,2,BAD_PRACTICE,0.08322147651006712,RV_RETURN_VALUE_IGNORED_BAD_PRACTICE,16,2,2,0.09554140127388536,0.0025477707006369425,0.0025477707006369425,
75,2,I18N,0.11275167785234899,DM_DEFAULT_ENCODING,19,1,2,0.09554140127388536,0.0025477707006369425,0.0025477707006369425,
75,2,BAD_PRACTICE,0.08322147651006712,RV_RETURN_VALUE_IGNORED_BAD_PRACTICE,16,2,2,0.09554140127388536,0.0025477707006369425,0.0025477707006369425,
75,2,I18N,0.11275167785234899,DM_DEFAULT_ENCODING,19,1,2,0.09554140127388536,0.0025477707006369425,0.0025477707006369425,
75,2,BAD_PRACTICE,0.08322147651006712,RV_RETURN_VALUE_IGNORED_BAD_PRACTICE,16,2,2,0.09554140127388536,0.0025477707006369425,0.0025477707006369425,
1,1,MT_CORRECTNESS,0.0174496644295302,IS2_INCONSISTENT_SYNC,20,3,0,0.0012738853503184713,0.0012738853503184713,0.0,
28,18,I18N,0.11275167785234899,DM_DEFAULT_ENCODING,19,1,5,0.035668789808917196,0.022929936305732482,0.006369426751592357,
28,18,I18N,0.11275167785234899,DM_DEFAULT_ENCODING,19,1,5,0.035668789808917196,0.022929936305732482,0.006369426751592357,
28,18,I18N,0.11275167785234899,DM_DEFAULT_ENCODING,19,1,5,0.035668789808917196,0.022929936305732482,0.006369426751592357,
28,18,I18N,0.11275167785234899,DM_DEFAULT_ENCODING,19,1,5,0.035668789808917196,0.022929936305732482,0.006369426751592357,
28,18,I18N,0.11275167785234899,DM_DEFAULT_ENCODING,19,1,5,0.035668789808917196,0.022929936305732482,0.006369426751592357,
28,18,I18N,0.11275167785234899,DM_DEFAULT_ENCODING,19,1,5,0.035668789808917196,0.022929936305732482,0.006369426751592357,
28,18,EXPERIMENTAL,0.020134228187919462,OBL_UNSATISFIED_OBLIGATION,20,2,5,0.035668789808917196,0.022929936305732482,0.006369426751592356,
28,18,EXPERIMENTAL,0.020134228187919462,OBL_UNSATISFIED_OBLIGATION,20,2,5,0.035668789808917196,0.022929936305732482,0.006369426751592356,
28,18,EXPERIMENTAL,0.020134228187919462,OBL_UNSATISFIED_OBLIGATION,20,2,5,0.035668789808917196,0.022929936305732482,0.006369426751592356,
28,18,EXPERIMENTAL,0.020134228187919462,OBL_UNSATISFIED_OBLIGATION,20,2,5,0.035668789808917196,0.022929936305732482,0.006369426751592356,
28,18,EXPERIMENTAL,0.020134228187919462,OBL_UNSATISFIED_OBLIGATION,20,2,5,0.035668789808917196,0.022929936305732482,0.006369426751592356,
28,18,EXPERIMENTAL,0.020134228187919462,OBL_UNSATISFIED_OBLIGATION,20,2,5,0.035668789808917196,0.022929936305732482,0.006369426751592356,
28,18,EXPERIMENTAL,0.020134228187919462,OBL_UNSATISFIED_OBLIGATION,20,2,3,0.035668789808917196,0.022929936305732482,0.003821656050955414,
28,18,EXPERIMENTAL,0.020134228187919462,OBL_UNSATISFIED_OBLIGATION,20,2,3,0.035668789808917196,0.022929936305732482,0.0038216560509554136,
28,18,BAD_PRACTICE,0.009395973154362415,ODR_OPEN_DATABASE_RESOURCE,16,2,5,0.035668789808917196,0.022929936305732482,0.006369426751592357,
28,18,BAD_PRACTICE,0.009395973154362415,ODR_OPEN_DATABASE_RESOURCE,16,2,5,0.035668789808917196,0.022929936305732482,0.006369426751592357,
28,18,BAD_PRACTICE,0.009395973154362415,ODR_OPEN_DATABASE_RESOURCE,16,2,5,0.035668789808917196,0.022929936305732482,0.006369426751592357,
28,18,BAD_PRACTICE,0.009395973154362415,ODR_OPEN_DATABASE_RESOURCE,16,2,3,0.035668789808917196,0.022929936305732482,0.003821656050955414,
28,2,STYLE,0.028187919463087248,UWF_FIELD_NOT_INITIALIZED_IN_CONSTRUCTOR,20,3,1,0.035668789808917196,0.0025477707006369425,0.0012738853503184713,
28,2,STYLE,0.028187919463087248,UWF_FIELD_NOT_INITIALIZED_IN_CONSTRUCTOR,20,3,1,0.035668789808917196,0.0025477707006369425,0.0012738853503184713,
28,1,STYLE,0.03758389261744966,RCN_REDUNDANT_NULLCHECK_OF_NONNULL_VALUE,18,2,1,0.035668789808917196,0.0012738853503184713,0.0012738853503184713,
28,1,STYLE,0.06040268456375839,REC_CATCH_EXCEPTION,20,3,1,0.035668789808917196,0.0012738853503184713,0.0012738853503184713,
28,1,STYLE,0.03758389261744966,RCN_REDUNDANT_NULLCHECK_OF_NONNULL_VALUE,18,2,1,0.035668789808917196,0.0012738853503184713,0.0012738853503184713,
28,1,SECURITY,0.0013422818791946308,SQL_PREPARED_STATEMENT_GENERATED_FROM_NONCONSTANT_STRING,15,3,1,0.035668789808917196,0.0012738853503184713,0.0012738853503184713,
28,2,SECURITY,0.008053691275167786,DMI_EMPTY_DB_PASSWORD,7,2,1,0.035668789808917196,0.0025477707006369425,0.0012738853503184713,
28,2,SECURITY,0.008053691275167786,DMI_EMPTY_DB_PASSWORD,7,2,1,0.035668789808917196,0.0025477707006369425,0.0012738853503184713,
28,2,SECURITY,0.008053691275167786,DMI_EMPTY_DB_PASSWORD,7,2,1,0.035668789808917196,0.0025477707006369425,0.0012738853503184713,
28,2,SECURITY,0.008053691275167786,DMI_EMPTY_DB_PASSWORD,7,2,1,0.035668789808917196,0.0025477707006369425,0.0012738853503184713,
20,13,I18N,0.11275167785234899,DM_DEFAULT_ENCODING,19,1,5,0.025477707006369428,0.016560509554140127,0.006369426751592357,
20,13,I18N,0.11275167785234899,DM_DEFAULT_ENCODING,19,1,5,0.025477707006369428,0.016560509554140127,0.006369426751592357,
20,13,I18N,0.11275167785234899,DM_DEFAULT_ENCODING,19,1,5,0.025477707006369428,0.016560509554140127,0.006369426751592357,
20,13,I18N,0.11275167785234899,DM_DEFAULT_ENCODING,19,1,5,0.025477707006369428,0.016560509554140127,0.006369426751592357,
20,13,EXPERIMENTAL,0.020134228187919462,OBL_UNSATISFIED_OBLIGATION,20,2,5,0.025477707006369428,0.016560509554140127,0.006369426751592356,
20,13,EXPERIMENTAL,0.020134228187919462,OBL_UNSATISFIED_OBLIGATION,20,2,5,0.025477707006369428,0.016560509554140127,0.006369426751592356,
20,13,EXPERIMENTAL,0.020134228187919462,OBL_UNSATISFIED_OBLIGATION,20,2,5,0.025477707006369428,0.016560509554140127,0.006369426751592356,
20,13,EXPERIMENTAL,0.020134228187919462,OBL_UNSATISFIED_OBLIGATION,20,2,5,0.025477707006369428,0.016560509554140127,0.006369426751592356,
20,13,EXPERIMENTAL,0.020134228187919462,OBL_UNSATISFIED_OBLIGATION,20,2,3,0.025477707006369428,0.016560509554140127,0.0038216560509554136,
20,13,EXPERIMENTAL,0.020134228187919462,OBL_UNSATISFIED_OBLIGATION,20,2,3,0.025477707006369428,0.016560509554140127,0.0038216560509554136,
20,13,BAD_PRACTICE,0.009395973154362415,ODR_OPEN_DATABASE_RESOURCE,16,2,5,0.025477707006369428,0.016560509554140127,0.006369426751592357,
20,13,BAD_PRACTICE,0.009395973154362415,ODR_OPEN_DATABASE_RESOURCE,16,2,5,0.025477707006369428,0.016560509554140127,0.006369426751592357,
20,13,BAD_PRACTICE,0.009395973154362415,ODR_OPEN_DATABASE_RESOURCE,16,2,3,0.025477707006369428,0.016560509554140127,0.003821656050955414,
20,1,STYLE,0.03758389261744966,RCN_REDUNDANT_NULLCHECK_OF_NONNULL_VALUE,18,2,1,0.025477707006369428,0.0012738853503184713,0.0012738853503184713,
20,3,SECURITY,0.008053691275167786,DMI_EMPTY_DB_PASSWORD,7,2,3,0.025477707006369428,0.003821656050955414,0.003821656050955414,
20,3,EXPERIMENTAL,0.020134228187919462,OBL_UNSATISFIED_OBLIGATION_EXCEPTION_EDGE,20,2,3,0.025477707006369428,0.003821656050955414,0.003821656050955414,
20,3,BAD_PRACTICE,0.0026845637583892616,ODR_OPEN_DATABASE_RESOURCE_EXCEPTION_PATH,19,3,3,0.025477707006369428,0.003821656050955414,0.003821656050955414,
20,3,SECURITY,0.008053691275167786,DMI_EMPTY_DB_PASSWORD,7,2,3,0.025477707006369428,0.003821656050955414,0.003821656050955414,
20,3,EXPERIMENTAL,0.020134228187919462,OBL_UNSATISFIED_OBLIGATION_EXCEPTION_EDGE,20,2,3,0.025477707006369428,0.003821656050955414,0.003821656050955414,
20,3,BAD_PRACTICE,0.0026845637583892616,ODR_OPEN_DATABASE_RESOURCE_EXCEPTION_PATH,19,3,3,0.025477707006369428,0.003821656050955414,0.003821656050955414,
14,1,PERFORMANCE,0.026845637583892617,SIC_INNER_SHOULD_BE_STATIC_ANON,20,3,0,0.017834394904458598,0.0012738853503184713,0.0,
14,1,PERFORMANCE,0.026845637583892617,SIC_INNER_SHOULD_BE_STATIC_ANON,20,3,0,0.017834394904458598,0.0012738853503184713,0.0,
14,3,STYLE,0.028187919463087248,UWF_FIELD_NOT_INITIALIZED_IN_CONSTRUCTOR,20,3,1,0.017834394904458598,0.003821656050955414,0.0012738853503184713,
14,3,STYLE,0.028187919463087248,UWF_FIELD_NOT_INITIALIZED_IN_CONSTRUCTOR,20,3,1,0.017834394904458598,0.003821656050955414,0.0012738853503184713,
14,3,STYLE,0.028187919463087248,UWF_FIELD_NOT_INITIALIZED_IN_CONSTRUCTOR,20,3,1,0.017834394904458598,0.003821656050955414,0.0012738853503184713,
14,1,STYLE,0.0013422818791946308,DMI_USELESS_SUBSTRING,17,2,1,0.017834394904458598,0.0012738853503184713,0.0012738853503184713,
14,7,MALICIOUS_CODE,0.0013422818791946308,DP_DO_INSIDE_DO_PRIVILEGED,20,3,1,0.017834394904458598,0.008917197452229299,0.0012738853503184713,
14,7,STYLE,0.01476510067114094,NP_LOAD_OF_KNOWN_NULL_VALUE,16,2,6,0.017834394904458598,0.008917197452229299,0.007643312101910828,
14,7,STYLE,0.06040268456375839,REC_CATCH_EXCEPTION,17,2,6,0.017834394904458598,0.008917197452229299,0.007643312101910828,
14,7,STYLE,0.06040268456375839,REC_CATCH_EXCEPTION,17,2,6,0.017834394904458598,0.008917197452229299,0.007643312101910828,
14,7,STYLE,0.06040268456375839,REC_CATCH_EXCEPTION,17,2,6,0.017834394904458598,0.008917197452229299,0.007643312101910828,
14,7,STYLE,0.06040268456375839,REC_CATCH_EXCEPTION,20,3,6,0.017834394904458598,0.008917197452229299,0.007643312101910828,
14,7,STYLE,0.06040268456375839,REC_CATCH_EXCEPTION,20,3,6,0.017834394904458598,0.008917197452229299,0.007643312101910828,
14,1,PERFORMANCE,0.0026845637583892616,SBSC_USE_STRINGBUFFER_CONCATENATION,18,2,1,0.017834394904458598,0.0012738853503184713,0.0012738853503184713,
10,1,STYLE,0.03758389261744966,RCN_REDUNDANT_NULLCHECK_OF_NONNULL_VALUE,18,2,1,0.012738853503184714,0.0012738853503184713,0.0012738853503184713,
10,9,PERFORMANCE,0.026845637583892617,SIC_INNER_SHOULD_BE_STATIC_ANON,20,3,0,0.012738853503184714,0.011464968152866241,0.0,
10,9,PERFORMANCE,0.026845637583892617,SIC_INNER_SHOULD_BE_STATIC_ANON,20,3,0,0.012738853503184714,0.011464968152866241,0.0,
10,9,PERFORMANCE,0.026845637583892617,SIC_INNER_SHOULD_BE_STATIC_ANON,20,3,0,0.012738853503184714,0.011464968152866241,0.0,
10,9,PERFORMANCE,0.026845637583892617,SIC_INNER_SHOULD_BE_STATIC_ANON,20,3,0,0.012738853503184714,0.011464968152866241,0.0,
10,9,PERFORMANCE,0.026845637583892617,SIC_INNER_SHOULD_BE_STATIC_ANON,20,3,0,0.012738853503184714,0.011464968152866241,0.0,
10,9,PERFORMANCE,0.026845637583892617,SIC_INNER_SHOULD_BE_STATIC_ANON,20,3,0,0.012738853503184714,0.011464968152866241,0.0,
10,9,PERFORMANCE,0.026845637583892617,SIC_INNER_SHOULD_BE_STATIC_ANON,20,3,0,0.012738853503184714,0.011464968152866241,0.0,
10,9,PERFORMANCE,0.026845637583892617,SIC_INNER_SHOULD_BE_STATIC_ANON,20,3,0,0.012738853503184714,0.011464968152866241,0.0,
10,9,PERFORMANCE,0.026845637583892617,SIC_INNER_SHOULD_BE_STATIC_ANON,20,3,0,0.012738853503184714,0.011464968152866241,0.0,
1,1,I18N,0.01476510067114094,DM_CONVERT_CASE,20,3,1,0.0012738853503184713,0.0012738853503184713,0.0012738853503184713,
2,2,STYLE,0.06040268456375839,REC_CATCH_EXCEPTION,20,3,2,0.0025477707006369425,0.0025477707006369425,0.0025477707006369425,
2,2,PERFORMANCE,0.0026845637583892616,SBSC_USE_STRINGBUFFER_CONCATENATION,18,2,2,0.0025477707006369425,0.0025477707006369425,0.0025477707006369425,
4,2,STYLE,0.03758389261744966,RCN_REDUNDANT_NULLCHECK_OF_NONNULL_VALUE,18,2,1,0.005095541401273885,0.0025477707006369425,0.0012738853503184713,
4,1,STYLE,0.03758389261744966,RCN_REDUNDANT_NULLCHECK_OF_NONNULL_VALUE,20,3,1,0.005095541401273885,0.0012738853503184713,0.0012738853503184713,
30,4,STYLE,0.04563758389261745,DLS_DEAD_LOCAL_STORE,17,2,1,0.03821656050955414,0.005095541401273885,0.0012738853503184713,
30,4,STYLE,0.020134228187919462,NP_NULL_ON_SOME_PATH_FROM_RETURN_VALUE,13,2,2,0.03821656050955414,0.005095541401273885,0.0025477707006369425,
30,4,STYLE,0.020134228187919462,NP_NULL_ON_SOME_PATH_FROM_RETURN_VALUE,13,2,1,0.03821656050955414,0.005095541401273885,0.0012738853503184713,
30,4,BAD_PRACTICE,0.08322147651006712,RV_RETURN_VALUE_IGNORED_BAD_PRACTICE,16,2,2,0.03821656050955414,0.005095541401273885,0.0025477707006369425,
30,2,BAD_PRACTICE,0.08322147651006712,RV_RETURN_VALUE_IGNORED_BAD_PRACTICE,16,2,1,0.03821656050955414,0.0025477707006369425,0.0012738853503184713,
30,2,BAD_PRACTICE,0.08322147651006712,RV_RETURN_VALUE_IGNORED_BAD_PRACTICE,16,2,1,0.03821656050955414,0.0025477707006369425,0.0012738853503184713,
30,1,PERFORMANCE,0.03355704697986577,SIC_INNER_SHOULD_BE_STATIC,18,2,0,0.03821656050955414,0.0012738853503184713,0.0,
30,4,STYLE,0.04563758389261745,DLS_DEAD_LOCAL_STORE,17,2,1,0.03821656050955414,0.005095541401273885,0.0012738853503184713,
30,4,STYLE,0.020134228187919462,NP_NULL_ON_SOME_PATH_FROM_RETURN_VALUE,13,2,2,0.03821656050955414,0.005095541401273885,0.0025477707006369425,
30,4,STYLE,0.020134228187919462,NP_NULL_ON_SOME_PATH_FROM_RETURN_VALUE,13,2,1,0.03821656050955414,0.005095541401273885,0.0012738853503184713,
30,4,BAD_PRACTICE,0.08322147651006712,RV_RETURN_VALUE_IGNORED_BAD_PRACTICE,16,2,2,0.03821656050955414,0.005095541401273885,0.0025477707006369425,
30,4,STYLE,0.04563758389261745,DLS_DEAD_LOCAL_STORE,17,2,1,0.03821656050955414,0.005095541401273885,0.0012738853503184713,
30,4,STYLE,0.020134228187919462,NP_NULL_ON_SOME_PATH_FROM_RETURN_VALUE,13,2,2,0.03821656050955414,0.005095541401273885,0.0025477707006369425,
30,4,STYLE,0.020134228187919462,NP_NULL_ON_SOME_PATH_FROM_RETURN_VALUE,13,2,1,0.03821656050955414,0.005095541401273885,0.0012738853503184713,
30,4,BAD_PRACTICE,0.08322147651006712,RV_RETURN_VALUE_IGNORED_BAD_PRACTICE,16,2,2,0.03821656050955414,0.005095541401273885,0.0025477707006369425,
30,4,STYLE,0.04563758389261745,DLS_DEAD_LOCAL_STORE,17,2,1,0.03821656050955414,0.005095541401273885,0.0012738853503184713,
30,4,STYLE,0.020134228187919462,NP_NULL_ON_SOME_PATH_FROM_RETURN_VALUE,13,2,2,0.03821656050955414,0.005095541401273885,0.0025477707006369425,
30,4,STYLE,0.020134228187919462,NP_NULL_ON_SOME_PATH_FROM_RETURN_VALUE,13,2,1,0.03821656050955414,0.005095541401273885,0.0012738853503184713,
30,4,BAD_PRACTICE,0.08322147651006712,RV_RETURN_VALUE_IGNORED_BAD_PRACTICE,16,2,2,0.03821656050955414,0.005095541401273885,0.0025477707006369425,
30,5,MT_CORRECTNESS,0.0174496644295302,IS2_INCONSISTENT_SYNC,20,3,0,0.03821656050955414,0.006369426751592357,0.0,
30,5,MT_CORRECTNESS,0.0174496644295302,IS2_INCONSISTENT_SYNC,20,3,0,0.03821656050955414,0.006369426751592357,0.0,
30,5,EXPERIMENTAL,0.020134228187919462,OBL_UNSATISFIED_OBLIGATION,20,2,1,0.03821656050955414,0.006369426751592357,0.0012738853503184713,
30,5,BAD_PRACTICE,0.08322147651006712,RV_RETURN_VALUE_IGNORED_BAD_PRACTICE,16,2,2,0.03821656050955414,0.006369426751592357,0.0025477707006369425,
30,5,BAD_PRACTICE,0.08322147651006712,RV_RETURN_VALUE_IGNORED_BAD_PRACTICE,19,3,2,0.03821656050955414,0.006369426751592357,0.0025477707006369425,
30,3,BAD_PRACTICE,0.0026845637583892616,RC_REF_COMPARISON_BAD_PRACTICE_BOOLEAN,16,2,1,0.03821656050955414,0.003821656050955414,0.0012738853503184713,
30,3,BAD_PRACTICE,0.08322147651006712,RV_RETURN_VALUE_IGNORED_BAD_PRACTICE,16,2,2,0.03821656050955414,0.003821656050955414,0.0025477707006369425,
30,3,BAD_PRACTICE,0.08322147651006712,RV_RETURN_VALUE_IGNORED_BAD_PRACTICE,16,2,2,0.03821656050955414,0.003821656050955414,0.0025477707006369425,
30,3,STYLE,0.01476510067114094,NP_LOAD_OF_KNOWN_NULL_VALUE,19,3,1,0.03821656050955414,0.003821656050955414,0.0012738853503184713,
30,3,STYLE,0.01476510067114094,NP_LOAD_OF_KNOWN_NULL_VALUE,19,3,1,0.03821656050955414,0.003821656050955414,0.0012738853503184713,
30,3,CORRECTNESS,0.0026845637583892616,NP_NULL_ON_SOME_PATH_EXCEPTION,11,2,1,0.03821656050955414,0.003821656050955414,0.0012738853503184713,
21,1,MT_CORRECTNESS,0.0174496644295302,IS2_INCONSISTENT_SYNC,20,3,0,0.0267515923566879,0.0012738853503184713,0.0,
21,4,EXPERIMENTAL,0.020134228187919462,OBL_UNSATISFIED_OBLIGATION_EXCEPTION_EDGE,20,2,2,0.0267515923566879,0.005095541401273885,0.0025477707006369425,
21,4,STYLE,0.06040268456375839,REC_CATCH_EXCEPTION,20,3,2,0.0267515923566879,0.005095541401273885,0.0025477707006369425,
21,4,BAD_PRACTICE,0.08322147651006712,RV_RETURN_VALUE_IGNORED_BAD_PRACTICE,16,2,2,0.0267515923566879,0.005095541401273885,0.0025477707006369425,
21,4,BAD_PRACTICE,0.08322147651006712,RV_RETURN_VALUE_IGNORED_BAD_PRACTICE,19,3,2,0.0267515923566879,0.005095541401273885,0.0025477707006369425,
21,9,I18N,0.11275167785234899,DM_DEFAULT_ENCODING,19,1,1,0.0267515923566879,0.011464968152866241,0.0012738853503184713,
21,9,I18N,0.11275167785234899,DM_DEFAULT_ENCODING,19,1,2,0.0267515923566879,0.011464968152866241,0.0025477707006369425,
21,9,I18N,0.11275167785234899,DM_DEFAULT_ENCODING,19,1,1,0.0267515923566879,0.011464968152866241,0.0012738853503184713,
21,9,STYLE,0.020134228187919462,NP_NULL_ON_SOME_PATH_FROM_RETURN_VALUE,13,2,2,0.0267515923566879,0.011464968152866241,0.0025477707006369425,
21,9,STYLE,0.020134228187919462,NP_NULL_ON_SOME_PATH_FROM_RETURN_VALUE,13,2,2,0.0267515923566879,0.011464968152866241,0.0025477707006369425,
21,9,BAD_PRACTICE,0.08322147651006712,RV_RETURN_VALUE_IGNORED_BAD_PRACTICE,16,2,1,0.0267515923566879,0.011464968152866241,0.0012738853503184713,
21,9,BAD_PRACTICE,0.08322147651006712,RV_RETURN_VALUE_IGNORED_BAD_PRACTICE,16,2,2,0.0267515923566879,0.011464968152866241,0.0025477707006369425,
21,9,BAD_PRACTICE,0.08322147651006712,RV_RETURN_VALUE_IGNORED_BAD_PRACTICE,16,2,2,0.0267515923566879,0.011464968152866241,0.0025477707006369425,
21,9,BAD_PRACTICE,0.08322147651006712,RV_RETURN_VALUE_IGNORED_BAD_PRACTICE,16,2,2,0.0267515923566879,0.011464968152866241,0.0025477707006369425,
21,3,EXPERIMENTAL,0.020134228187919462,OBL_UNSATISFIED_OBLIGATION_EXCEPTION_EDGE,20,2,3,0.0267515923566879,0.003821656050955414,0.003821656050955414,
21,3,BAD_PRACTICE,0.036241610738255034,OS_OPEN_STREAM_EXCEPTION_PATH,19,3,3,0.0267515923566879,0.003821656050955414,0.003821656050955414,
21,3,BAD_PRACTICE,0.036241610738255034,OS_OPEN_STREAM_EXCEPTION_PATH,19,3,3,0.0267515923566879,0.003821656050955414,0.003821656050955414,
21,3,EXPERIMENTAL,0.020134228187919462,OBL_UNSATISFIED_OBLIGATION_EXCEPTION_EDGE,20,2,3,0.0267515923566879,0.003821656050955414,0.003821656050955414,
21,3,BAD_PRACTICE,0.036241610738255034,OS_OPEN_STREAM_EXCEPTION_PATH,19,3,3,0.0267515923566879,0.003821656050955414,0.003821656050955414,
21,3,BAD_PRACTICE,0.036241610738255034,OS_OPEN_STREAM_EXCEPTION_PATH,19,3,3,0.0267515923566879,0.003821656050955414,0.003821656050955414,
9,2,BAD_PRACTICE,0.08322147651006712,RV_RETURN_VALUE_IGNORED_BAD_PRACTICE,16,2,1,0.011464968152866241,0.0025477707006369425,0.0012738853503184713,
9,2,BAD_PRACTICE,0.08322147651006712,RV_RETURN_VALUE_IGNORED_BAD_PRACTICE,16,2,1,0.011464968152866241,0.0025477707006369425,0.0012738853503184713,
9,2,BAD_PRACTICE,0.08322147651006712,RV_RETURN_VALUE_IGNORED_BAD_PRACTICE,16,2,1,0.011464968152866241,0.0025477707006369425,0.0012738853503184713,
9,2,BAD_PRACTICE,0.08322147651006712,RV_RETURN_VALUE_IGNORED_BAD_PRACTICE,16,2,1,0.011464968152866241,0.0025477707006369425,0.0012738853503184713,
9,1,MALICIOUS_CODE,0.021476510067114093,EI_EXPOSE_REP,18,2,1,0.011464968152866241,0.0012738853503184713,0.0012738853503184713,
9,2,BAD_PRACTICE,0.08322147651006712,RV_RETURN_VALUE_IGNORED_BAD_PRACTICE,16,2,1,0.011464968152866241,0.0025477707006369425,0.0012738853503184713,
9,2,BAD_PRACTICE,0.08322147651006712,RV_RETURN_VALUE_IGNORED_BAD_PRACTICE,16,2,1,0.011464968152866241,0.0025477707006369425,0.0012738853503184713,
9,2,BAD_PRACTICE,0.08322147651006712,RV_RETURN_VALUE_IGNORED_BAD_PRACTICE,16,2,1,0.011464968152866241,0.0025477707006369425,0.0012738853503184713,
9,2,BAD_PRACTICE,0.08322147651006712,RV_RETURN_VALUE_IGNORED_BAD_PRACTICE,16,2,1,0.011464968152866241,0.0025477707006369425,0.0012738853503184713,
28,2,STYLE,0.06040268456375839,REC_CATCH_EXCEPTION,20,3,1,0.035668789808917196,0.0025477707006369425,0.0012738853503184713,
28,2,STYLE,0.06040268456375839,REC_CATCH_EXCEPTION,20,3,1,0.035668789808917196,0.0025477707006369425,0.0012738853503184713,
28,2,STYLE,0.028187919463087248,UWF_FIELD_NOT_INITIALIZED_IN_CONSTRUCTOR,20,3,1,0.035668789808917196,0.0025477707006369425,0.0012738853503184713,
28,2,STYLE,0.028187919463087248,UWF_FIELD_NOT_INITIALIZED_IN_CONSTRUCTOR,20,3,1,0.035668789808917196,0.0025477707006369425,0.0012738853503184713,
28,3,STYLE,0.06040268456375839,REC_CATCH_EXCEPTION,20,3,1,0.035668789808917196,0.003821656050955414,0.0012738853503184713,
28,3,MT_CORRECTNESS,0.0026845637583892616,SWL_SLEEP_WITH_LOCK_HELD,14,2,1,0.035668789808917196,0.003821656050955414,0.0012738853503184713,
28,3,PERFORMANCE,0.026845637583892617,SIC_INNER_SHOULD_BE_STATIC_ANON,20,3,0,0.035668789808917196,0.003821656050955414,0.0,
28,3,I18N,0.11275167785234899,DM_DEFAULT_ENCODING,19,1,3,0.035668789808917196,0.003821656050955414,0.003821656050955414,
28,3,BAD_PRACTICE,0.036241610738255034,OS_OPEN_STREAM_EXCEPTION_PATH,19,3,3,0.035668789808917196,0.003821656050955414,0.003821656050955414,
28,3,BAD_PRACTICE,0.08322147651006712,RV_RETURN_VALUE_IGNORED_BAD_PRACTICE,16,2,3,0.035668789808917196,0.003821656050955414,0.003821656050955414,
28,3,I18N,0.11275167785234899,DM_DEFAULT_ENCODING,19,1,3,0.035668789808917196,0.003821656050955414,0.003821656050955414,
28,3,BAD_PRACTICE,0.036241610738255034,OS_OPEN_STREAM_EXCEPTION_PATH,19,3,3,0.035668789808917196,0.003821656050955414,0.003821656050955414,
28,3,BAD_PRACTICE,0.08322147651006712,RV_RETURN_VALUE_IGNORED_BAD_PRACTICE,16,2,3,0.035668789808917196,0.003821656050955414,0.003821656050955414,
28,3,I18N,0.11275167785234899,DM_DEFAULT_ENCODING,19,1,3,0.035668789808917196,0.003821656050955414,0.003821656050955414,
28,3,BAD_PRACTICE,0.036241610738255034,OS_OPEN_STREAM_EXCEPTION_PATH,19,3,3,0.035668789808917196,0.003821656050955414,0.003821656050955414,
28,3,BAD_PRACTICE,0.08322147651006712,RV_RETURN_VALUE_IGNORED_BAD_PRACTICE,16,2,3,0.035668789808917196,0.003821656050955414,0.003821656050955414,
28,3,I18N,0.11275167785234899,DM_DEFAULT_ENCODING,19,1,3,0.035668789808917196,0.003821656050955414,0.003821656050955414,
28,3,BAD_PRACTICE,0.036241610738255034,OS_OPEN_STREAM_EXCEPTION_PATH,19,3,3,0.035668789808917196,0.003821656050955414,0.003821656050955414,
28,3,BAD_PRACTICE,0.08322147651006712,RV_RETURN_VALUE_IGNORED_BAD_PRACTICE,16,2,3,0.035668789808917196,0.003821656050955414,0.003821656050955414,
28,3,I18N,0.11275167785234899,DM_DEFAULT_ENCODING,19,1,3,0.035668789808917196,0.003821656050955414,0.003821656050955414,
28,3,BAD_PRACTICE,0.036241610738255034,OS_OPEN_STREAM_EXCEPTION_PATH,19,3,3,0.035668789808917196,0.003821656050955414,0.003821656050955414,
28,3,BAD_PRACTICE,0.08322147651006712,RV_RETURN_VALUE_IGNORED_BAD_PRACTICE,16,2,3,0.035668789808917196,0.003821656050955414,0.003821656050955414,
28,3,I18N,0.11275167785234899,DM_DEFAULT_ENCODING,19,1,3,0.035668789808917196,0.003821656050955414,0.003821656050955414,
28,3,BAD_PRACTICE,0.036241610738255034,OS_OPEN_STREAM_EXCEPTION_PATH,19,3,3,0.035668789808917196,0.003821656050955414,0.003821656050955414,
28,3,BAD_PRACTICE,0.08322147651006712,RV_RETURN_VALUE_IGNORED_BAD_PRACTICE,16,2,3,0.035668789808917196,0.003821656050955414,0.003821656050955414,
28,2,BAD_PRACTICE,0.0026845637583892616,SE_BAD_FIELD,16,2,0,0.035668789808917196,0.0025477707006369425,0.0,
28,2,STYLE,0.028187919463087248,UWF_FIELD_NOT_INITIALIZED_IN_CONSTRUCTOR,20,3,1,0.035668789808917196,0.0025477707006369425,0.0012738853503184713,
28,1,STYLE,0.028187919463087248,UWF_FIELD_NOT_INITIALIZED_IN_CONSTRUCTOR,20,3,1,0.035668789808917196,0.0012738853503184713,0.0012738853503184713,
29,3,BAD_PRACTICE,0.08322147651006712,RV_RETURN_VALUE_IGNORED_BAD_PRACTICE,16,2,3,0.03694267515923567,0.003821656050955414,0.003821656050955414,
29,3,BAD_PRACTICE,0.08322147651006712,RV_RETURN_VALUE_IGNORED_BAD_PRACTICE,16,2,3,0.03694267515923567,0.003821656050955414,0.003821656050955414,
29,3,STYLE,0.06040268456375839,ST_WRITE_TO_STATIC_FROM_INSTANCE_METHOD,17,2,3,0.03694267515923567,0.003821656050955414,0.003821656050955414,
29,8,I18N,0.11275167785234899,DM_DEFAULT_ENCODING,19,1,3,0.03694267515923567,0.01019108280254777,0.003821656050955414,
29,8,BAD_PRACTICE,0.004026845637583893,DM_EXIT,16,2,3,0.03694267515923567,0.01019108280254777,0.003821656050955414,
29,8,EXPERIMENTAL,0.020134228187919462,OBL_UNSATISFIED_OBLIGATION_EXCEPTION_EDGE,20,2,3,0.03694267515923567,0.01019108280254777,0.003821656050955414,
29,8,BAD_PRACTICE,0.036241610738255034,OS_OPEN_STREAM_EXCEPTION_PATH,19,3,3,0.03694267515923567,0.01019108280254777,0.003821656050955414,
29,8,STYLE,0.06040268456375839,ST_WRITE_TO_STATIC_FROM_INSTANCE_METHOD,17,2,3,0.03694267515923567,0.01019108280254777,0.003821656050955414,
29,8,STYLE,0.06040268456375839,ST_WRITE_TO_STATIC_FROM_INSTANCE_METHOD,17,2,3,0.03694267515923567,0.01019108280254777,0.003821656050955414,
29,8,STYLE,0.06040268456375839,ST_WRITE_TO_STATIC_FROM_INSTANCE_METHOD,17,2,1,0.03694267515923567,0.01019108280254777,0.0012738853503184713,
29,8,I18N,0.11275167785234899,DM_DEFAULT_ENCODING,19,1,2,0.03694267515923567,0.01019108280254777,0.0025477707006369425,
29,8,BAD_PRACTICE,0.08322147651006712,RV_RETURN_VALUE_IGNORED_BAD_PRACTICE,16,2,2,0.03694267515923567,0.01019108280254777,0.0025477707006369425,
29,8,BAD_PRACTICE,0.08322147651006712,RV_RETURN_VALUE_IGNORED_BAD_PRACTICE,16,2,2,0.03694267515923567,0.01019108280254777,0.0025477707006369425,
29,8,BAD_PRACTICE,0.08322147651006712,RV_RETURN_VALUE_IGNORED_BAD_PRACTICE,16,2,2,0.03694267515923567,0.01019108280254777,0.0025477707006369425,
29,8,I18N,0.11275167785234899,DM_DEFAULT_ENCODING,19,1,3,0.03694267515923567,0.01019108280254777,0.003821656050955414,
29,8,BAD_PRACTICE,0.005369127516778523,OS_OPEN_STREAM,16,2,3,0.03694267515923567,0.01019108280254777,0.003821656050955414,
29,8,STYLE,0.06040268456375839,REC_CATCH_EXCEPTION,20,3,3,0.03694267515923567,0.01019108280254777,0.003821656050955414,
29,8,BAD_PRACTICE,0.0026845637583892616,EQ_COMPARETO_USE_OBJECT_EQUALS,16,2,1,0.03694267515923567,0.01019108280254777,0.0012738853503184713,
29,7,I18N,0.11275167785234899,DM_DEFAULT_ENCODING,19,1,1,0.03694267515923567,0.008917197452229299,0.0012738853503184713,
29,7,STYLE,0.0026845637583892616,SF_SWITCH_NO_DEFAULT,19,2,3,0.03694267515923567,0.008917197452229299,0.003821656050955414,
29,7,PERFORMANCE,0.009395973154362415,WMI_WRONG_MAP_ITERATOR,18,2,3,0.03694267515923567,0.008917197452229299,0.003821656050955414,
29,7,PERFORMANCE,0.009395973154362415,WMI_WRONG_MAP_ITERATOR,18,2,3,0.03694267515923567,0.008917197452229299,0.003821656050955414,
29,7,PERFORMANCE,0.009395973154362415,WMI_WRONG_MAP_ITERATOR,18,2,2,0.03694267515923567,0.008917197452229299,0.0025477707006369425,
29,7,PERFORMANCE,0.009395973154362415,WMI_WRONG_MAP_ITERATOR,18,2,2,0.03694267515923567,0.008917197452229299,0.0025477707006369425,
29,7,PERFORMANCE,0.026845637583892617,SIC_INNER_SHOULD_BE_STATIC_ANON,20,3,0,0.03694267515923567,0.008917197452229299,0.0,
29,1,STYLE,0.005369127516778523,ICAST_INTEGER_MULTIPLY_CAST_TO_LONG,17,2,1,0.03694267515923567,0.0012738853503184713,0.0012738853503184713,
29,1,STYLE,0.005369127516778523,ICAST_INTEGER_MULTIPLY_CAST_TO_LONG,17,2,1,0.03694267515923567,0.0012738853503184713,0.0012738853503184713,
29,1,STYLE,0.005369127516778523,ICAST_INTEGER_MULTIPLY_CAST_TO_LONG,17,2,1,0.03694267515923567,0.0012738853503184713,0.0012738853503184713,
40,2,BAD_PRACTICE,0.08322147651006712,RV_RETURN_VALUE_IGNORED_BAD_PRACTICE,16,2,1,0.050955414012738856,0.0025477707006369425,0.0012738853503184713,
40,2,BAD_PRACTICE,0.08322147651006712,RV_RETURN_VALUE_IGNORED_BAD_PRACTICE,16,2,1,0.050955414012738856,0.0025477707006369425,0.0012738853503184713,
40,1,STYLE,0.012080536912751677,BC_VACUOUS_INSTANCEOF,17,2,1,0.050955414012738856,0.0012738853503184713,0.0012738853503184713,
40,8,I18N,0.11275167785234899,DM_DEFAULT_ENCODING,19,1,1,0.050955414012738856,0.01019108280254777,0.0012738853503184713,
40,8,STYLE,0.03758389261744966,RCN_REDUNDANT_NULLCHECK_OF_NONNULL_VALUE,20,3,1,0.050955414012738856,0.01019108280254777,0.0012738853503184713,
40,8,STYLE,0.06040268456375839,REC_CATCH_EXCEPTION,17,2,2,0.050955414012738856,0.01019108280254777,0.0025477707006369425,
40,8,STYLE,0.06040268456375839,REC_CATCH_EXCEPTION,20,3,2,0.050955414012738856,0.01019108280254777,0.0025477707006369425,
40,8,MT_CORRECTNESS,0.0013422818791946308,RV_RETURN_VALUE_OF_PUTIFABSENT_IGNORED,10,2,1,0.050955414012738856,0.01019108280254777,0.0012738853503184713,
40,8,PERFORMANCE,0.010738255033557046,SS_SHOULD_BE_STATIC,18,2,0,0.050955414012738856,0.01019108280254777,0.0,
40,8,PERFORMANCE,0.009395973154362415,WMI_WRONG_MAP_ITERATOR,18,2,1,0.050955414012738856,0.01019108280254777,0.0012738853503184713,
40,6,MT_CORRECTNESS,0.0013422818791946308,DL_SYNCHRONIZATION_ON_SHARED_CONSTANT,14,2,2,0.050955414012738856,0.007643312101910828,0.0025477707006369425,
40,6,STYLE,0.06040268456375839,REC_CATCH_EXCEPTION,20,3,1,0.050955414012738856,0.007643312101910828,0.0012738853503184713,
40,6,STYLE,0.06040268456375839,REC_CATCH_EXCEPTION,20,3,2,0.050955414012738856,0.007643312101910828,0.0025477707006369425,
40,6,BAD_PRACTICE,0.022818791946308724,DE_MIGHT_IGNORE,19,3,1,0.050955414012738856,0.007643312101910828,0.0012738853503184713,
40,6,STYLE,0.01476510067114094,PZLA_PREFER_ZERO_LENGTH_ARRAYS,20,3,1,0.050955414012738856,0.007643312101910828,0.0012738853503184713,
40,6,BAD_PRACTICE,0.0026845637583892616,EQ_COMPARETO_USE_OBJECT_EQUALS,16,2,1,0.050955414012738856,0.007643312101910828,0.0012738853503184713,
40,1,STYLE,0.03758389261744966,RCN_REDUNDANT_NULLCHECK_OF_NONNULL_VALUE,20,3,1,0.050955414012738856,0.0012738853503184713,0.0012738853503184713,
40,2,BAD_PRACTICE,0.08322147651006712,RV_RETURN_VALUE_IGNORED_BAD_PRACTICE,16,2,1,0.050955414012738856,0.0025477707006369425,0.0012738853503184713,
40,2,BAD_PRACTICE,0.08322147651006712,RV_RETURN_VALUE_IGNORED_BAD_PRACTICE,16,2,1,0.050955414012738856,0.0025477707006369425,0.0012738853503184713,
40,4,STYLE,0.04563758389261745,DLS_DEAD_LOCAL_STORE,20,3,1,0.050955414012738856,0.005095541401273885,0.0012738853503184713,
40,4,STYLE,0.06040268456375839,REC_CATCH_EXCEPTION,17,2,1,0.050955414012738856,0.005095541401273885,0.0012738853503184713,
40,4,PERFORMANCE,0.03355704697986577,SIC_INNER_SHOULD_BE_STATIC,18,2,0,0.050955414012738856,0.005095541401273885,0.0,
40,4,PERFORMANCE,0.03087248322147651,URF_UNREAD_FIELD,20,3,0,0.050955414012738856,0.005095541401273885,0.0,
40,3,MALICIOUS_CODE,0.021476510067114093,EI_EXPOSE_REP,18,2,1,0.050955414012738856,0.003821656050955414,0.0012738853503184713,
40,3,MALICIOUS_CODE,0.0026845637583892616,MS_PKGPROTECT,18,2,0,0.050955414012738856,0.003821656050955414,0.0,
40,3,PERFORMANCE,0.03087248322147651,URF_UNREAD_FIELD,20,3,0,0.050955414012738856,0.003821656050955414,0.0,
40,2,I18N,0.01476510067114094,DM_CONVERT_CASE,20,3,2,0.050955414012738856,0.0025477707006369425,0.0025477707006369425,
40,2,I18N,0.01476510067114094,DM_CONVERT_CASE,20,3,2,0.050955414012738856,0.0025477707006369425,0.0025477707006369425,
40,1,STYLE,0.028187919463087248,UWF_FIELD_NOT_INITIALIZED_IN_CONSTRUCTOR,20,3,1,0.050955414012738856,0.0012738853503184713,0.0012738853503184713,
40,1,I18N,0.01476510067114094,DM_CONVERT_CASE,20,3,1,0.050955414012738856,0.0012738853503184713,0.0012738853503184713,
40,2,PERFORMANCE,0.03355704697986577,SIC_INNER_SHOULD_BE_STATIC,18,2,0,0.050955414012738856,0.0025477707006369425,0.0,
40,2,PERFORMANCE,0.03087248322147651,URF_UNREAD_FIELD,20,3,0,0.050955414012738856,0.0025477707006369425,0.0,
40,2,MALICIOUS_CODE,0.021476510067114093,EI_EXPOSE_REP,18,2,1,0.050955414012738856,0.0025477707006369425,0.0012738853503184713,
40,2,MALICIOUS_CODE,0.0026845637583892616,MS_PKGPROTECT,18,2,0,0.050955414012738856,0.0025477707006369425,0.0,
40,3,I18N,0.11275167785234899,DM_DEFAULT_ENCODING,19,1,3,0.050955414012738856,0.003821656050955414,0.003821656050955414,
40,3,EXPERIMENTAL,0.020134228187919462,OBL_UNSATISFIED_OBLIGATION_EXCEPTION_EDGE,20,2,3,0.050955414012738856,0.003821656050955414,0.003821656050955414,
40,3,BAD_PRACTICE,0.036241610738255034,OS_OPEN_STREAM_EXCEPTION_PATH,19,3,3,0.050955414012738856,0.003821656050955414,0.003821656050955414,
7,6,I18N,0.01476510067114094,DM_CONVERT_CASE,20,3,2,0.008917197452229299,0.007643312101910828,0.0025477707006369425,
7,6,I18N,0.01476510067114094,DM_CONVERT_CASE,20,3,1,0.008917197452229299,0.007643312101910828,0.0012738853503184713,
7,6,STYLE,0.06040268456375839,REC_CATCH_EXCEPTION,20,3,1,0.008917197452229299,0.007643312101910828,0.0012738853503184713,
7,6,STYLE,0.06040268456375839,REC_CATCH_EXCEPTION,20,3,2,0.008917197452229299,0.007643312101910828,0.0025477707006369425,
7,6,BAD_PRACTICE,0.08322147651006712,RV_RETURN_VALUE_IGNORED_BAD_PRACTICE,16,2,2,0.008917197452229299,0.007643312101910828,0.0025477707006369425,
7,6,STYLE,0.06040268456375839,ST_WRITE_TO_STATIC_FROM_INSTANCE_METHOD,17,2,2,0.008917197452229299,0.007643312101910828,0.0025477707006369425,
7,1,BAD_PRACTICE,0.0026845637583892616,SE_NO_SERIALVERSIONID,19,3,0,0.008917197452229299,0.0012738853503184713,0.0,
3,1,PERFORMANCE,0.03355704697986577,SIC_INNER_SHOULD_BE_STATIC,18,2,0,0.003821656050955414,0.0012738853503184713,0.0,
3,1,STYLE,0.04563758389261745,DLS_DEAD_LOCAL_STORE,17,2,1,0.003821656050955414,0.0012738853503184713,0.0012738853503184713,
3,1,BAD_PRACTICE,0.0013422818791946308,NM_METHOD_NAMING_CONVENTION,16,2,1,0.003821656050955414,0.0012738853503184713,0.0012738853503184713,
12,3,BAD_PRACTICE,0.022818791946308724,DE_MIGHT_IGNORE,19,3,3,0.015286624203821656,0.003821656050955414,0.003821656050955414,
12,3,BAD_PRACTICE,0.022818791946308724,DE_MIGHT_IGNORE,19,3,3,0.015286624203821656,0.003821656050955414,0.003821656050955414,
12,3,BAD_PRACTICE,0.022818791946308724,DE_MIGHT_IGNORE,19,3,3,0.015286624203821656,0.003821656050955414,0.003821656050955414,
12,1,MT_CORRECTNESS,0.0174496644295302,IS2_INCONSISTENT_SYNC,20,3,0,0.015286624203821656,0.0012738853503184713,0.0,
12,2,I18N,0.11275167785234899,DM_DEFAULT_ENCODING,19,1,2,0.015286624203821656,0.0025477707006369425,0.0025477707006369425,
12,2,STYLE,0.06040268456375839,REC_CATCH_EXCEPTION,20,3,2,0.015286624203821656,0.0025477707006369425,0.0025477707006369425,
12,1,STYLE,0.03758389261744966,RCN_REDUNDANT_NULLCHECK_OF_NONNULL_VALUE,20,3,1,0.015286624203821656,0.0012738853503184713,0.0012738853503184713,
12,1,STYLE,0.004026845637583893,DB_DUPLICATE_SWITCH_CLAUSES,20,3,1,0.015286624203821656,0.0012738853503184713,0.0012738853503184713,
12,2,STYLE,0.04563758389261745,DLS_DEAD_LOCAL_STORE,17,2,1,0.015286624203821656,0.0025477707006369425,0.0012738853503184713,
12,2,PERFORMANCE,0.03355704697986577,SIC_INNER_SHOULD_BE_STATIC,18,2,0,0.015286624203821656,0.0025477707006369425,0.0,
12,2,STYLE,0.03758389261744966,RCN_REDUNDANT_NULLCHECK_OF_NONNULL_VALUE,20,3,2,0.015286624203821656,0.0025477707006369425,0.0025477707006369425,
12,2,STYLE,0.06040268456375839,REC_CATCH_EXCEPTION,20,3,2,0.015286624203821656,0.0025477707006369425,0.0025477707006369425,
8,1,STYLE,0.010738255033557046,RV_RETURN_VALUE_IGNORED_NO_SIDE_EFFECT,17,2,1,0.01019108280254777,0.0012738853503184713,0.0012738853503184713,
8,6,MALICIOUS_CODE,0.021476510067114093,EI_EXPOSE_REP,18,2,1,0.01019108280254777,0.007643312101910828,0.0012738853503184713,
8,6,STYLE,0.01476510067114094,PZLA_PREFER_ZERO_LENGTH_ARRAYS,20,3,2,0.01019108280254777,0.007643312101910828,0.0025477707006369425,
8,6,STYLE,0.06040268456375839,REC_CATCH_EXCEPTION,17,2,1,0.01019108280254777,0.007643312101910828,0.0012738853503184713,
8,6,STYLE,0.06040268456375839,REC_CATCH_EXCEPTION,20,3,2,0.01019108280254777,0.007643312101910828,0.0025477707006369425,
8,6,STYLE,0.06040268456375839,REC_CATCH_EXCEPTION,20,3,1,0.01019108280254777,0.007643312101910828,0.0012738853503184713,
8,6,PERFORMANCE,0.03355704697986577,SIC_INNER_SHOULD_BE_STATIC,18,2,0,0.01019108280254777,0.007643312101910828,0.0,
5,5,STYLE,0.0026845637583892616,SF_SWITCH_NO_DEFAULT,19,2,1,0.006369426751592357,0.006369426751592357,0.0012738853503184713,
5,5,CORRECTNESS,0.0013422818791946308,VA_FORMAT_STRING_EXTRA_ARGUMENTS_PASSED,9,2,1,0.006369426751592357,0.006369426751592357,0.0012738853503184713,
5,5,PERFORMANCE,0.009395973154362415,WMI_WRONG_MAP_ITERATOR,18,2,1,0.006369426751592357,0.006369426751592357,0.0012738853503184713,
5,5,PERFORMANCE,0.009395973154362415,WMI_WRONG_MAP_ITERATOR,18,2,1,0.006369426751592357,0.006369426751592357,0.0012738853503184713,
5,5,STYLE,0.06040268456375839,REC_CATCH_EXCEPTION,20,3,1,0.006369426751592357,0.006369426751592357,0.0012738853503184713,
28,4,MALICIOUS_CODE,0.021476510067114093,EI_EXPOSE_REP,18,2,1,0.035668789808917196,0.005095541401273885,0.0012738853503184713,
28,4,MALICIOUS_CODE,0.021476510067114093,EI_EXPOSE_REP,18,2,1,0.035668789808917196,0.005095541401273885,0.0012738853503184713,
28,4,MALICIOUS_CODE,0.012080536912751677,EI_EXPOSE_REP2,18,2,1,0.035668789808917196,0.005095541401273885,0.0012738853503184713,
28,4,MALICIOUS_CODE,0.012080536912751677,EI_EXPOSE_REP2,18,2,1,0.035668789808917196,0.005095541401273885,0.0012738853503184713,
28,2,STYLE,0.03758389261744966,RCN_REDUNDANT_NULLCHECK_OF_NONNULL_VALUE,20,3,1,0.035668789808917196,0.0025477707006369425,0.0012738853503184713,
28,2,STYLE,0.01476510067114094,PZLA_PREFER_ZERO_LENGTH_ARRAYS,20,3,1,0.035668789808917196,0.0025477707006369425,0.0012738853503184713,
28,2,STYLE,0.01476510067114094,PZLA_PREFER_ZERO_LENGTH_ARRAYS,20,3,1,0.035668789808917196,0.0025477707006369425,0.0012738853503184713,
28,2,STYLE,0.01476510067114094,NP_LOAD_OF_KNOWN_NULL_VALUE,16,2,1,0.035668789808917196,0.0025477707006369425,0.0012738853503184713,
28,2,STYLE,0.03758389261744966,RCN_REDUNDANT_NULLCHECK_OF_NONNULL_VALUE,18,2,1,0.035668789808917196,0.0025477707006369425,0.0012738853503184713,
28,5,I18N,0.11275167785234899,DM_DEFAULT_ENCODING,19,1,1,0.035668789808917196,0.006369426751592357,0.0012738853503184713,
28,5,I18N,0.11275167785234899,DM_DEFAULT_ENCODING,19,1,3,0.035668789808917196,0.006369426751592357,0.003821656050955414,
28,5,I18N,0.11275167785234899,DM_DEFAULT_ENCODING,19,1,3,0.035668789808917196,0.006369426751592357,0.003821656050955414,
28,5,I18N,0.11275167785234899,DM_DEFAULT_ENCODING,19,1,1,0.035668789808917196,0.006369426751592357,0.0012738853503184713,
28,5,PERFORMANCE,0.006711409395973154,UPM_UNCALLED_PRIVATE_METHOD,20,3,3,0.035668789808917196,0.006369426751592357,0.003821656050955414,
28,4,CORRECTNESS,0.0026845637583892616,NP_NULL_PARAM_DEREF,8,2,1,0.035668789808917196,0.005095541401273885,0.0012738853503184713,
28,4,PERFORMANCE,0.03355704697986577,SIC_INNER_SHOULD_BE_STATIC,18,2,0,0.035668789808917196,0.005095541401273885,0.0,
28,1,STYLE,0.04563758389261745,DLS_DEAD_LOCAL_STORE,17,2,1,0.035668789808917196,0.0012738853503184713,0.0012738853503184713,
28,2,MALICIOUS_CODE,0.021476510067114093,EI_EXPOSE_REP,18,2,1,0.035668789808917196,0.0025477707006369425,0.0012738853503184713,
28,2,PERFORMANCE,0.03355704697986577,SIC_INNER_SHOULD_BE_STATIC,18,2,0,0.035668789808917196,0.0025477707006369425,0.0,
28,2,STYLE,0.01476510067114094,PZLA_PREFER_ZERO_LENGTH_ARRAYS,20,3,1,0.035668789808917196,0.0025477707006369425,0.0012738853503184713,
28,2,STYLE,0.01476510067114094,PZLA_PREFER_ZERO_LENGTH_ARRAYS,20,3,1,0.035668789808917196,0.0025477707006369425,0.0012738853503184713,
4,2,BAD_PRACTICE,0.004026845637583893,SE_BAD_FIELD_INNER_CLASS,19,3,0,0.005095541401273885,0.0025477707006369425,0.0,
4,2,PERFORMANCE,0.03355704697986577,SIC_INNER_SHOULD_BE_STATIC,18,2,0,0.005095541401273885,0.0025477707006369425,0.0,
4,2,STYLE,0.04563758389261745,DLS_DEAD_LOCAL_STORE,17,2,1,0.005095541401273885,0.0025477707006369425,0.0012738853503184713,
4,2,STYLE,0.04563758389261745,DLS_DEAD_LOCAL_STORE,17,2,1,0.005095541401273885,0.0025477707006369425,0.0012738853503184713,
34,1,PERFORMANCE,0.03355704697986577,SIC_INNER_SHOULD_BE_STATIC,18,2,0,0.04331210191082802,0.0012738853503184713,0.0,
34,2,MALICIOUS_CODE,0.012080536912751677,EI_EXPOSE_REP2,18,2,2,0.04331210191082802,0.0025477707006369425,0.0025477707006369425,
34,2,MALICIOUS_CODE,0.012080536912751677,EI_EXPOSE_REP2,18,2,2,0.04331210191082802,0.0025477707006369425,0.0025477707006369425,
34,2,PERFORMANCE,0.03087248322147651,URF_UNREAD_FIELD,18,2,0,0.04331210191082802,0.0025477707006369425,0.0,
34,2,PERFORMANCE,0.03087248322147651,URF_UNREAD_FIELD,20,3,0,0.04331210191082802,0.0025477707006369425,0.0,
34,3,STYLE,0.06040268456375839,ST_WRITE_TO_STATIC_FROM_INSTANCE_METHOD,17,2,2,0.04331210191082802,0.003821656050955414,0.0025477707006369425,
34,3,STYLE,0.06040268456375839,ST_WRITE_TO_STATIC_FROM_INSTANCE_METHOD,17,2,2,0.04331210191082802,0.003821656050955414,0.0025477707006369425,
34,3,STYLE,0.06040268456375839,ST_WRITE_TO_STATIC_FROM_INSTANCE_METHOD,17,2,1,0.04331210191082802,0.003821656050955414,0.0012738853503184713,
34,1,MT_CORRECTNESS,0.0174496644295302,IS2_INCONSISTENT_SYNC,17,2,0,0.04331210191082802,0.0012738853503184713,0.0,
34,1,BAD_PRACTICE,0.004026845637583893,DM_EXIT,19,3,1,0.04331210191082802,0.0012738853503184713,0.0012738853503184713,
34,2,PERFORMANCE,0.03087248322147651,URF_UNREAD_FIELD,20,3,0,0.04331210191082802,0.0025477707006369425,0.0,
34,2,PERFORMANCE,0.03355704697986577,SIC_INNER_SHOULD_BE_STATIC,18,2,0,0.04331210191082802,0.0025477707006369425,0.0,
34,3,STYLE,0.04563758389261745,DLS_DEAD_LOCAL_STORE,15,1,1,0.04331210191082802,0.003821656050955414,0.0012738853503184713,
34,3,STYLE,0.06040268456375839,ST_WRITE_TO_STATIC_FROM_INSTANCE_METHOD,17,2,2,0.04331210191082802,0.003821656050955414,0.0025477707006369425,
34,3,STYLE,0.06040268456375839,ST_WRITE_TO_STATIC_FROM_INSTANCE_METHOD,17,2,2,0.04331210191082802,0.003821656050955414,0.0025477707006369425,
34,1,BAD_PRACTICE,0.004026845637583893,DM_EXIT,19,3,1,0.04331210191082802,0.0012738853503184713,0.0012738853503184713,
34,2,PERFORMANCE,0.03087248322147651,URF_UNREAD_FIELD,20,3,0,0.04331210191082802,0.0025477707006369425,0.0,
34,2,PERFORMANCE,0.03355704697986577,SIC_INNER_SHOULD_BE_STATIC,18,2,0,0.04331210191082802,0.0025477707006369425,0.0,
34,1,CORRECTNESS,0.0013422818791946308,BSHIFT_WRONG_ADD_PRIORITY,15,3,1,0.04331210191082802,0.0012738853503184713,0.0012738853503184713,
34,1,PERFORMANCE,0.026845637583892617,SIC_INNER_SHOULD_BE_STATIC_ANON,20,3,0,0.04331210191082802,0.0012738853503184713,0.0,
34,2,I18N,0.11275167785234899,DM_DEFAULT_ENCODING,19,1,2,0.04331210191082802,0.0025477707006369425,0.0025477707006369425,
34,2,BAD_PRACTICE,0.005369127516778523,OS_OPEN_STREAM,16,2,2,0.04331210191082802,0.0025477707006369425,0.0025477707006369425,
34,2,I18N,0.11275167785234899,DM_DEFAULT_ENCODING,19,1,2,0.04331210191082802,0.0025477707006369425,0.0025477707006369425,
34,2,STYLE,0.006711409395973154,NP_DEREFERENCE_OF_READLINE_VALUE,15,2,2,0.04331210191082802,0.0025477707006369425,0.0025477707006369425,
34,1,BAD_PRACTICE,0.022818791946308724,DE_MIGHT_IGNORE,19,3,1,0.04331210191082802,0.0012738853503184713,0.0012738853503184713,
34,2,PERFORMANCE,0.006711409395973154,UPM_UNCALLED_PRIVATE_METHOD,20,3,2,0.04331210191082802,0.0025477707006369425,0.0025477707006369425,
34,2,PERFORMANCE,0.006711409395973154,UPM_UNCALLED_PRIVATE_METHOD,20,3,2,0.04331210191082802,0.0025477707006369425,0.0025477707006369425,
34,3,MT_CORRECTNESS,0.0174496644295302,IS2_INCONSISTENT_SYNC,17,2,0,0.04331210191082802,0.003821656050955414,0.0,
34,3,STYLE,0.004026845637583893,RCN_REDUNDANT_NULLCHECK_OF_NULL_VALUE,20,3,1,0.04331210191082802,0.003821656050955414,0.0012738853503184713,
34,3,MT_CORRECTNESS,0.0026845637583892616,SC_START_IN_CTOR,12,1,1,0.04331210191082802,0.003821656050955414,0.0012738853503184713,
34,2,STYLE,0.010738255033557046,BC_UNCONFIRMED_CAST_OF_RETURN_VALUE,20,3,1,0.04331210191082802,0.0025477707006369425,0.0012738853503184713,
34,2,PERFORMANCE,0.03355704697986577,SIC_INNER_SHOULD_BE_STATIC,18,2,0,0.04331210191082802,0.0025477707006369425,0.0,
34,2,I18N,0.11275167785234899,DM_DEFAULT_ENCODING,19,1,1,0.04331210191082802,0.0025477707006369425,0.0012738853503184713,
34,2,PERFORMANCE,0.010738255033557046,SS_SHOULD_BE_STATIC,18,2,0,0.04331210191082802,0.0025477707006369425,0.0,
13,2,PERFORMANCE,0.03087248322147651,URF_UNREAD_FIELD,18,2,0,0.016560509554140127,0.0025477707006369425,0.0,
13,2,STYLE,0.005369127516778523,URF_UNREAD_PUBLIC_OR_PROTECTED_FIELD,18,2,0,0.016560509554140127,0.0025477707006369425,0.0,
13,4,I18N,0.11275167785234899,DM_DEFAULT_ENCODING,19,1,3,0.016560509554140127,0.005095541401273885,0.003821656050955414,
13,4,STYLE,0.03758389261744966,RCN_REDUNDANT_NULLCHECK_OF_NONNULL_VALUE,20,3,3,0.016560509554140127,0.005095541401273885,0.003821656050955414,
13,4,STYLE,0.06040268456375839,REC_CATCH_EXCEPTION,20,3,3,0.016560509554140127,0.005095541401273885,0.003821656050955414,
13,4,STYLE,0.028187919463087248,UWF_FIELD_NOT_INITIALIZED_IN_CONSTRUCTOR,20,3,1,0.016560509554140127,0.005095541401273885,0.0012738853503184713,
13,5,STYLE,0.010738255033557046,BC_UNCONFIRMED_CAST_OF_RETURN_VALUE,20,3,1,0.016560509554140127,0.006369426751592357,0.0012738853503184713,
13,5,BAD_PRACTICE,0.022818791946308724,DE_MIGHT_IGNORE,19,3,1,0.016560509554140127,0.006369426751592357,0.0012738853503184713,
13,5,BAD_PRACTICE,0.022818791946308724,DE_MIGHT_IGNORE,19,3,1,0.016560509554140127,0.006369426751592357,0.0012738853503184713,
13,5,MT_CORRECTNESS,0.0174496644295302,IS2_INCONSISTENT_SYNC,17,2,0,0.016560509554140127,0.006369426751592357,0.0,
13,5,MT_CORRECTNESS,0.0013422818791946308,NO_NOTIFY_NOT_NOTIFYALL,17,3,1,0.016560509554140127,0.006369426751592357,0.0012738853503184713,
13,2,I18N,0.11275167785234899,DM_DEFAULT_ENCODING,19,1,1,0.016560509554140127,0.0025477707006369425,0.0012738853503184713,
13,2,STYLE,0.028187919463087248,UWF_FIELD_NOT_INITIALIZED_IN_CONSTRUCTOR,20,3,1,0.016560509554140127,0.0025477707006369425,0.0012738853503184713,
20,1,STYLE,0.04563758389261745,DLS_DEAD_LOCAL_STORE,17,2,1,0.025477707006369428,0.0012738853503184713,0.0012738853503184713,
20,1,I18N,0.11275167785234899,DM_DEFAULT_ENCODING,19,1,1,0.025477707006369428,0.0012738853503184713,0.0012738853503184713,
20,2,CORRECTNESS,0.0026845637583892616,EQ_SELF_USE_OBJECT,8,2,2,0.025477707006369428,0.0025477707006369425,0.0025477707006369425,
20,2,BAD_PRACTICE,0.004026845637583893,HE_EQUALS_USE_HASHCODE,16,2,2,0.025477707006369428,0.0025477707006369425,0.0025477707006369425,
20,5,STYLE,0.010738255033557046,BC_UNCONFIRMED_CAST_OF_RETURN_VALUE,20,3,2,0.025477707006369428,0.006369426751592357,0.0025477707006369425,
20,5,STYLE,0.010738255033557046,BC_UNCONFIRMED_CAST_OF_RETURN_VALUE,20,3,2,0.025477707006369428,0.006369426751592357,0.0025477707006369425,
20,5,STYLE,0.04563758389261745,DLS_DEAD_LOCAL_STORE,17,2,2,0.025477707006369428,0.006369426751592357,0.0025477707006369425,
20,5,STYLE,0.04563758389261745,DLS_DEAD_LOCAL_STORE,17,2,1,0.025477707006369428,0.006369426751592357,0.0012738853503184713,
20,5,I18N,0.11275167785234899,DM_DEFAULT_ENCODING,19,1,2,0.025477707006369428,0.006369426751592357,0.0025477707006369425,
20,5,CORRECTNESS,0.0026845637583892616,EQ_SELF_USE_OBJECT,8,2,4,0.025477707006369428,0.006369426751592357,0.005095541401273885,
20,5,BAD_PRACTICE,0.0026845637583892616,ES_COMPARING_STRINGS_WITH_EQ,11,2,4,0.025477707006369428,0.006369426751592357,0.005095541401273885,
20,5,BAD_PRACTICE,0.0026845637583892616,ES_COMPARING_STRINGS_WITH_EQ,11,2,4,0.025477707006369428,0.006369426751592357,0.005095541401273885,
20,5,BAD_PRACTICE,0.004026845637583893,HE_EQUALS_USE_HASHCODE,16,2,4,0.025477707006369428,0.006369426751592357,0.005095541401273885,
20,5,STYLE,0.01476510067114094,PZLA_PREFER_ZERO_LENGTH_ARRAYS,20,3,1,0.025477707006369428,0.006369426751592357,0.0012738853503184713,
20,4,PERFORMANCE,0.0013422818791946308,DM_BOXED_PRIMITIVE_FOR_PARSING,16,1,3,0.025477707006369428,0.005095541401273885,0.003821656050955414,
20,4,I18N,0.11275167785234899,DM_DEFAULT_ENCODING,19,1,1,0.025477707006369428,0.005095541401273885,0.0012738853503184713,
20,4,I18N,0.11275167785234899,DM_DEFAULT_ENCODING,19,1,3,0.025477707006369428,0.005095541401273885,0.003821656050955414,
20,4,PERFORMANCE,0.032214765100671144,DM_NUMBER_CTOR,18,2,3,0.025477707006369428,0.005095541401273885,0.003821656050955414,
20,1,STYLE,0.005369127516778523,URF_UNREAD_PUBLIC_OR_PROTECTED_FIELD,18,2,0,0.025477707006369428,0.0012738853503184713,0.0,
20,1,STYLE,0.04563758389261745,DLS_DEAD_LOCAL_STORE,17,2,1,0.025477707006369428,0.0012738853503184713,0.0012738853503184713,
25,1,STYLE,0.06040268456375839,REC_CATCH_EXCEPTION,20,3,1,0.03184713375796178,0.0012738853503184713,0.0012738853503184713,
25,1,MT_CORRECTNESS,0.0174496644295302,IS2_INCONSISTENT_SYNC,17,2,0,0.03184713375796178,0.0012738853503184713,0.0,
25,1,STYLE,0.03758389261744966,RCN_REDUNDANT_NULLCHECK_OF_NONNULL_VALUE,18,2,1,0.03184713375796178,0.0012738853503184713,0.0012738853503184713,
25,1,STYLE,0.03758389261744966,RCN_REDUNDANT_NULLCHECK_OF_NONNULL_VALUE,20,3,1,0.03184713375796178,0.0012738853503184713,0.0012738853503184713,
25,3,STYLE,0.01476510067114094,NP_LOAD_OF_KNOWN_NULL_VALUE,16,2,3,0.03184713375796178,0.003821656050955414,0.003821656050955414,
25,3,STYLE,0.004026845637583893,RCN_REDUNDANT_NULLCHECK_OF_NULL_VALUE,20,3,3,0.03184713375796178,0.003821656050955414,0.003821656050955414,
25,3,STYLE,0.06040268456375839,REC_CATCH_EXCEPTION,20,3,3,0.03184713375796178,0.003821656050955414,0.003821656050955414,
25,8,PERFORMANCE,0.010738255033557046,SS_SHOULD_BE_STATIC,18,2,0,0.03184713375796178,0.01019108280254777,0.0,
25,8,PERFORMANCE,0.010738255033557046,SS_SHOULD_BE_STATIC,18,2,0,0.03184713375796178,0.01019108280254777,0.0,
25,8,PERFORMANCE,0.010738255033557046,SS_SHOULD_BE_STATIC,18,2,0,0.03184713375796178,0.01019108280254777,0.0,
25,8,PERFORMANCE,0.010738255033557046,SS_SHOULD_BE_STATIC,18,2,0,0.03184713375796178,0.01019108280254777,0.0,
25,8,PERFORMANCE,0.010738255033557046,SS_SHOULD_BE_STATIC,18,2,0,0.03184713375796178,0.01019108280254777,0.0,
25,8,PERFORMANCE,0.03087248322147651,URF_UNREAD_FIELD,18,2,0,0.03184713375796178,0.01019108280254777,0.0,
25,8,PERFORMANCE,0.03087248322147651,URF_UNREAD_FIELD,20,3,0,0.03184713375796178,0.01019108280254777,0.0,
25,8,PERFORMANCE,0.03087248322147651,URF_UNREAD_FIELD,20,3,0,0.03184713375796178,0.01019108280254777,0.0,
25,1,MT_CORRECTNESS,0.0174496644295302,IS2_INCONSISTENT_SYNC,17,2,0,0.03184713375796178,0.0012738853503184713,0.0,
25,1,STYLE,0.03758389261744966,RCN_REDUNDANT_NULLCHECK_OF_NONNULL_VALUE,20,3,1,0.03184713375796178,0.0012738853503184713,0.0012738853503184713,
2,2,STYLE,0.03758389261744966,RCN_REDUNDANT_NULLCHECK_OF_NONNULL_VALUE,20,3,2,0.0025477707006369425,0.0025477707006369425,0.0025477707006369425,
2,2,STYLE,0.06040268456375839,REC_CATCH_EXCEPTION,20,3,2,0.0025477707006369425,0.0025477707006369425,0.0025477707006369425,
8,5,I18N,0.11275167785234899,DM_DEFAULT_ENCODING,19,1,3,0.01019108280254777,0.006369426751592357,0.003821656050955414,
8,5,I18N,0.11275167785234899,DM_DEFAULT_ENCODING,19,1,3,0.01019108280254777,0.006369426751592357,0.003821656050955414,
8,5,I18N,0.11275167785234899,DM_DEFAULT_ENCODING,19,1,2,0.01019108280254777,0.006369426751592357,0.0025477707006369425,
8,5,BAD_PRACTICE,0.036241610738255034,OS_OPEN_STREAM_EXCEPTION_PATH,19,3,3,0.01019108280254777,0.006369426751592357,0.003821656050955414,
8,5,BAD_PRACTICE,0.036241610738255034,OS_OPEN_STREAM_EXCEPTION_PATH,19,3,2,0.01019108280254777,0.006369426751592357,0.0025477707006369425,
8,3,STYLE,0.06040268456375839,REC_CATCH_EXCEPTION,17,2,1,0.01019108280254777,0.003821656050955414,0.0012738853503184713,
8,3,STYLE,0.06040268456375839,REC_CATCH_EXCEPTION,20,3,1,0.01019108280254777,0.003821656050955414,0.0012738853503184713,
8,3,STYLE,0.06040268456375839,REC_CATCH_EXCEPTION,20,3,1,0.01019108280254777,0.003821656050955414,0.0012738853503184713,
1,1,MT_CORRECTNESS,0.0174496644295302,IS2_INCONSISTENT_SYNC,17,2,0,0.0012738853503184713,0.0012738853503184713,0.0,
61,2,STYLE,0.03758389261744966,RCN_REDUNDANT_NULLCHECK_OF_NONNULL_VALUE,18,2,2,0.07770700636942675,0.0025477707006369425,0.0025477707006369425,
61,2,STYLE,0.06040268456375839,REC_CATCH_EXCEPTION,20,3,2,0.07770700636942675,0.0025477707006369425,0.0025477707006369425,
61,4,BAD_PRACTICE,0.022818791946308724,DE_MIGHT_IGNORE,19,3,1,0.07770700636942675,0.005095541401273885,0.0012738853503184713,
61,4,I18N,0.11275167785234899,DM_DEFAULT_ENCODING,19,1,1,0.07770700636942675,0.005095541401273885,0.0012738853503184713,
61,4,PERFORMANCE,0.006711409395973154,UPM_UNCALLED_PRIVATE_METHOD,20,3,1,0.07770700636942675,0.005095541401273885,0.0012738853503184713,
61,4,PERFORMANCE,0.03087248322147651,URF_UNREAD_FIELD,20,3,0,0.07770700636942675,0.005095541401273885,0.0,
61,3,MALICIOUS_CODE,0.021476510067114093,EI_EXPOSE_REP,18,2,1,0.07770700636942675,0.003821656050955414,0.0012738853503184713,
61,3,MT_CORRECTNESS,0.0174496644295302,IS2_INCONSISTENT_SYNC,17,2,0,0.07770700636942675,0.003821656050955414,0.0,
61,3,PERFORMANCE,0.010738255033557046,SS_SHOULD_BE_STATIC,18,2,0,0.07770700636942675,0.003821656050955414,0.0,
61,10,BAD_PRACTICE,0.022818791946308724,DE_MIGHT_IGNORE,19,3,1,0.07770700636942675,0.012738853503184714,0.0012738853503184713,
61,10,STYLE,0.04563758389261745,DLS_DEAD_LOCAL_STORE,17,2,3,0.07770700636942675,0.012738853503184714,0.003821656050955414,
61,10,STYLE,0.04563758389261745,DLS_DEAD_LOCAL_STORE,17,2,2,0.07770700636942675,0.012738853503184714,0.0025477707006369425,
61,10,STYLE,0.04563758389261745,DLS_DEAD_LOCAL_STORE,17,2,2,0.07770700636942675,0.012738853503184714,0.0025477707006369425,
61,10,STYLE,0.005369127516778523,DLS_DEAD_LOCAL_STORE_IN_RETURN,9,1,3,0.07770700636942675,0.012738853503184714,0.003821656050955414,
61,10,I18N,0.11275167785234899,DM_DEFAULT_ENCODING,19,1,1,0.07770700636942675,0.012738853503184714,0.0012738853503184713,
61,10,STYLE,0.020134228187919462,NP_NULL_ON_SOME_PATH_FROM_RETURN_VALUE,13,2,3,0.07770700636942675,0.012738853503184714,0.003821656050955414,
61,10,STYLE,0.06040268456375839,ST_WRITE_TO_STATIC_FROM_INSTANCE_METHOD,17,2,2,0.07770700636942675,0.012738853503184714,0.0025477707006369425,
61,10,STYLE,0.028187919463087248,UWF_FIELD_NOT_INITIALIZED_IN_CONSTRUCTOR,20,3,2,0.07770700636942675,0.012738853503184714,0.0025477707006369425,
61,10,STYLE,0.028187919463087248,UWF_FIELD_NOT_INITIALIZED_IN_CONSTRUCTOR,20,3,1,0.07770700636942675,0.012738853503184714,0.0012738853503184713,
61,8,BAD_PRACTICE,0.022818791946308724,DE_MIGHT_IGNORE,19,3,1,0.07770700636942675,0.01019108280254777,0.0012738853503184713,
61,8,STYLE,0.04563758389261745,DLS_DEAD_LOCAL_STORE,17,2,3,0.07770700636942675,0.01019108280254777,0.003821656050955414,
61,8,STYLE,0.04563758389261745,DLS_DEAD_LOCAL_STORE,17,2,2,0.07770700636942675,0.01019108280254777,0.0025477707006369425,
61,8,STYLE,0.04563758389261745,DLS_DEAD_LOCAL_STORE,17,2,1,0.07770700636942675,0.01019108280254777,0.0012738853503184713,
61,8,STYLE,0.005369127516778523,DLS_DEAD_LOCAL_STORE_IN_RETURN,9,1,3,0.07770700636942675,0.01019108280254777,0.003821656050955414,
61,8,I18N,0.11275167785234899,DM_DEFAULT_ENCODING,19,1,1,0.07770700636942675,0.01019108280254777,0.0012738853503184713,
61,8,STYLE,0.020134228187919462,NP_NULL_ON_SOME_PATH_FROM_RETURN_VALUE,13,2,3,0.07770700636942675,0.01019108280254777,0.003821656050955414,
61,8,STYLE,0.06040268456375839,ST_WRITE_TO_STATIC_FROM_INSTANCE_METHOD,17,2,2,0.07770700636942675,0.01019108280254777,0.0025477707006369425,
61,1,STYLE,0.04563758389261745,DLS_DEAD_LOCAL_STORE,17,2,1,0.07770700636942675,0.0012738853503184713,0.0012738853503184713,
61,9,BAD_PRACTICE,0.022818791946308724,DE_MIGHT_IGNORE,19,3,1,0.07770700636942675,0.011464968152866241,0.0012738853503184713,
61,9,STYLE,0.04563758389261745,DLS_DEAD_LOCAL_STORE,17,2,3,0.07770700636942675,0.011464968152866241,0.003821656050955414,
61,9,STYLE,0.04563758389261745,DLS_DEAD_LOCAL_STORE,17,2,2,0.07770700636942675,0.011464968152866241,0.0025477707006369425,
61,9,STYLE,0.04563758389261745,DLS_DEAD_LOCAL_STORE,17,2,1,0.07770700636942675,0.011464968152866241,0.0012738853503184713,
61,9,STYLE,0.005369127516778523,DLS_DEAD_LOCAL_STORE_IN_RETURN,9,1,3,0.07770700636942675,0.011464968152866241,0.003821656050955414,
61,9,I18N,0.11275167785234899,DM_DEFAULT_ENCODING,19,1,1,0.07770700636942675,0.011464968152866241,0.0012738853503184713,
61,9,STYLE,0.020134228187919462,NP_NULL_ON_SOME_PATH_FROM_RETURN_VALUE,13,2,3,0.07770700636942675,0.011464968152866241,0.003821656050955414,
61,9,STYLE,0.06040268456375839,ST_WRITE_TO_STATIC_FROM_INSTANCE_METHOD,17,2,2,0.07770700636942675,0.011464968152866241,0.0025477707006369425,
61,9,PERFORMANCE,0.03355704697986577,SIC_INNER_SHOULD_BE_STATIC,18,2,0,0.07770700636942675,0.011464968152866241,0.0,
61,13,STYLE,0.06040268456375839,REC_CATCH_EXCEPTION,20,3,1,0.07770700636942675,0.016560509554140127,0.0012738853503184713,
61,13,MT_CORRECTNESS,0.0026845637583892616,SC_START_IN_CTOR,14,2,1,0.07770700636942675,0.016560509554140127,0.0012738853503184713,
61,13,STYLE,0.06040268456375839,REC_CATCH_EXCEPTION,17,2,1,0.07770700636942675,0.016560509554140127,0.0012738853503184713,
61,13,BAD_PRACTICE,0.022818791946308724,DE_MIGHT_IGNORE,19,3,1,0.07770700636942675,0.016560509554140127,0.0012738853503184713,
61,13,MT_CORRECTNESS,0.0174496644295302,IS2_INCONSISTENT_SYNC,20,3,0,0.07770700636942675,0.016560509554140127,0.0,
61,13,MT_CORRECTNESS,0.004026845637583893,WA_NOT_IN_LOOP,17,3,1,0.07770700636942675,0.016560509554140127,0.0012738853503184713,
61,13,BAD_PRACTICE,0.022818791946308724,DE_MIGHT_IGNORE,19,3,3,0.07770700636942675,0.016560509554140127,0.003821656050955414,
61,13,BAD_PRACTICE,0.022818791946308724,DE_MIGHT_IGNORE,19,3,2,0.07770700636942675,0.016560509554140127,0.0025477707006369425,
61,13,CORRECTNESS,0.0013422818791946308,RCN_REDUNDANT_NULLCHECK_WOULD_HAVE_BEEN_A_NPE,11,2,3,0.07770700636942675,0.016560509554140127,0.003821656050955414,
61,13,STYLE,0.06040268456375839,REC_CATCH_EXCEPTION,17,2,3,0.07770700636942675,0.016560509554140127,0.003821656050955414,
61,13,STYLE,0.06040268456375839,REC_CATCH_EXCEPTION,17,2,2,0.07770700636942675,0.016560509554140127,0.0025477707006369425,
61,13,STYLE,0.06040268456375839,REC_CATCH_EXCEPTION,20,3,2,0.07770700636942675,0.016560509554140127,0.0025477707006369425,
61,13,BAD_PRACTICE,0.0013422818791946308,RR_NOT_CHECKED,16,2,2,0.07770700636942675,0.016560509554140127,0.0025477707006369425,
61,11,BAD_PRACTICE,0.022818791946308724,DE_MIGHT_IGNORE,19,3,1,0.07770700636942675,0.014012738853503185,0.0012738853503184713,
61,11,STYLE,0.04563758389261745,DLS_DEAD_LOCAL_STORE,17,2,3,0.07770700636942675,0.014012738853503185,0.003821656050955414,
61,11,STYLE,0.04563758389261745,DLS_DEAD_LOCAL_STORE,17,2,2,0.07770700636942675,0.014012738853503185,0.0025477707006369425,
61,11,STYLE,0.04563758389261745,DLS_DEAD_LOCAL_STORE,17,2,3,0.07770700636942675,0.014012738853503185,0.003821656050955414,
61,11,STYLE,0.005369127516778523,DLS_DEAD_LOCAL_STORE_IN_RETURN,9,1,3,0.07770700636942675,0.014012738853503185,0.003821656050955414,
61,11,I18N,0.11275167785234899,DM_DEFAULT_ENCODING,19,1,2,0.07770700636942675,0.014012738853503185,0.0025477707006369425,
61,11,STYLE,0.020134228187919462,NP_NULL_ON_SOME_PATH_FROM_RETURN_VALUE,13,2,3,0.07770700636942675,0.014012738853503185,0.003821656050955414,
61,11,STYLE,0.06040268456375839,ST_WRITE_TO_STATIC_FROM_INSTANCE_METHOD,17,2,2,0.07770700636942675,0.014012738853503185,0.0025477707006369425,
61,11,PERFORMANCE,0.006711409395973154,UPM_UNCALLED_PRIVATE_METHOD,20,3,2,0.07770700636942675,0.014012738853503185,0.0025477707006369425,
61,11,STYLE,0.028187919463087248,UWF_FIELD_NOT_INITIALIZED_IN_CONSTRUCTOR,20,3,3,0.07770700636942675,0.014012738853503185,0.003821656050955414,
61,11,STYLE,0.028187919463087248,UWF_FIELD_NOT_INITIALIZED_IN_CONSTRUCTOR,20,3,3,0.07770700636942675,0.014012738853503185,0.003821656050955414,
1,1,STYLE,0.010738255033557046,RV_RETURN_VALUE_IGNORED_NO_SIDE_EFFECT,17,2,1,0.0012738853503184713,0.0012738853503184713,0.0012738853503184713,
4,3,STYLE,0.06040268456375839,REC_CATCH_EXCEPTION,20,3,1,0.005095541401273885,0.003821656050955414,0.0012738853503184713,
4,0,BAD_PRACTICE,0.0026845637583892616,SE_BAD_FIELD,19,3,0,0.005095541401273885,0.0,0.0,
4,3,STYLE,0.06040268456375839,REC_CATCH_EXCEPTION,20,3,1,0.005095541401273885,0.003821656050955414,0.0012738853503184713,
45,2,PERFORMANCE,0.03087248322147651,URF_UNREAD_FIELD,20,3,0,0.05732484076433121,0.0025477707006369425,0.0,
45,2,PERFORMANCE,0.03087248322147651,URF_UNREAD_FIELD,20,3,0,0.05732484076433121,0.0025477707006369425,0.0,
45,1,STYLE,0.004026845637583893,DB_DUPLICATE_SWITCH_CLAUSES,20,3,1,0.05732484076433121,0.0012738853503184713,0.0012738853503184713,
45,4,STYLE,0.01476510067114094,NP_LOAD_OF_KNOWN_NULL_VALUE,19,3,1,0.05732484076433121,0.005095541401273885,0.0012738853503184713,
45,4,STYLE,0.01476510067114094,NP_LOAD_OF_KNOWN_NULL_VALUE,19,3,1,0.05732484076433121,0.005095541401273885,0.0012738853503184713,
45,4,STYLE,0.01476510067114094,NP_LOAD_OF_KNOWN_NULL_VALUE,19,3,1,0.05732484076433121,0.005095541401273885,0.0012738853503184713,
45,4,PERFORMANCE,0.03087248322147651,URF_UNREAD_FIELD,18,2,0,0.05732484076433121,0.005095541401273885,0.0,
45,8,STYLE,0.0013422818791946308,EQ_DOESNT_OVERRIDE_EQUALS,17,2,1,0.05732484076433121,0.01019108280254777,0.0012738853503184713,
45,1,PERFORMANCE,0.03087248322147651,URF_UNREAD_FIELD,18,2,0,0.05732484076433121,0.0012738853503184713,0.0,
45,2,MALICIOUS_CODE,0.021476510067114093,EI_EXPOSE_REP,18,2,2,0.05732484076433121,0.0025477707006369425,0.0025477707006369425,
45,2,MALICIOUS_CODE,0.021476510067114093,EI_EXPOSE_REP,18,2,2,0.05732484076433121,0.0025477707006369425,0.0025477707006369425,
45,2,STYLE,0.01476510067114094,NP_LOAD_OF_KNOWN_NULL_VALUE,19,3,1,0.05732484076433121,0.0025477707006369425,0.0012738853503184713,
45,2,PERFORMANCE,0.03087248322147651,URF_UNREAD_FIELD,18,2,0,0.05732484076433121,0.0025477707006369425,0.0,
45,4,STYLE,0.06040268456375839,ST_WRITE_TO_STATIC_FROM_INSTANCE_METHOD,15,1,1,0.05732484076433121,0.005095541401273885,0.0012738853503184713,
45,4,STYLE,0.06040268456375839,ST_WRITE_TO_STATIC_FROM_INSTANCE_METHOD,15,1,1,0.05732484076433121,0.005095541401273885,0.0012738853503184713,
45,4,STYLE,0.06040268456375839,ST_WRITE_TO_STATIC_FROM_INSTANCE_METHOD,15,1,1,0.05732484076433121,0.005095541401273885,0.0012738853503184713,
45,4,STYLE,0.06040268456375839,ST_WRITE_TO_STATIC_FROM_INSTANCE_METHOD,15,1,1,0.05732484076433121,0.005095541401273885,0.0012738853503184713,
45,8,MALICIOUS_CODE,0.021476510067114093,EI_EXPOSE_REP,18,2,2,0.05732484076433121,0.01019108280254777,0.0025477707006369425,
45,8,MALICIOUS_CODE,0.021476510067114093,EI_EXPOSE_REP,18,2,2,0.05732484076433121,0.01019108280254777,0.0025477707006369425,
45,8,MALICIOUS_CODE,0.012080536912751677,EI_EXPOSE_REP2,18,2,1,0.05732484076433121,0.01019108280254777,0.0012738853503184713,
45,8,MALICIOUS_CODE,0.012080536912751677,EI_EXPOSE_REP2,18,2,1,0.05732484076433121,0.01019108280254777,0.0012738853503184713,
45,8,STYLE,0.0013422818791946308,IM_BAD_CHECK_FOR_ODD,13,2,1,0.05732484076433121,0.01019108280254777,0.0012738853503184713,
45,1,STYLE,0.01476510067114094,NP_LOAD_OF_KNOWN_NULL_VALUE,19,3,1,0.05732484076433121,0.0012738853503184713,0.0012738853503184713,
45,1,STYLE,0.01476510067114094,PZLA_PREFER_ZERO_LENGTH_ARRAYS,20,3,1,0.05732484076433121,0.0012738853503184713,0.0012738853503184713,
45,2,MALICIOUS_CODE,0.021476510067114093,EI_EXPOSE_REP,18,2,2,0.05732484076433121,0.0025477707006369425,0.0025477707006369425,
45,2,MALICIOUS_CODE,0.021476510067114093,EI_EXPOSE_REP,18,2,2,0.05732484076433121,0.0025477707006369425,0.0025477707006369425,
45,2,STYLE,0.01476510067114094,NP_LOAD_OF_KNOWN_NULL_VALUE,19,3,1,0.05732484076433121,0.0025477707006369425,0.0012738853503184713,
45,2,PERFORMANCE,0.03087248322147651,URF_UNREAD_FIELD,18,2,0,0.05732484076433121,0.0025477707006369425,0.0,
45,5,MALICIOUS_CODE,0.021476510067114093,EI_EXPOSE_REP,18,2,1,0.05732484076433121,0.006369426751592357,0.0012738853503184713,
45,5,MALICIOUS_CODE,0.021476510067114093,EI_EXPOSE_REP,18,2,1,0.05732484076433121,0.006369426751592357,0.0012738853503184713,
45,5,MALICIOUS_CODE,0.012080536912751677,EI_EXPOSE_REP2,18,2,3,0.05732484076433121,0.006369426751592357,0.003821656050955414,
45,5,MALICIOUS_CODE,0.012080536912751677,EI_EXPOSE_REP2,18,2,3,0.05732484076433121,0.006369426751592357,0.003821656050955414,
45,5,STYLE,0.0013422818791946308,UC_USELESS_CONDITION,14,1,3,0.05732484076433121,0.006369426751592357,0.003821656050955414,
45,1,STYLE,0.0013422818791946308,RI_REDUNDANT_INTERFACES,20,3,0,0.05732484076433121,0.0012738853503184713,0.0,
45,2,STYLE,0.01476510067114094,PZLA_PREFER_ZERO_LENGTH_ARRAYS,20,3,1,0.05732484076433121,0.0025477707006369425,0.0012738853503184713,
45,5,MT_CORRECTNESS,0.0026845637583892616,SWL_SLEEP_WITH_LOCK_HELD,14,2,1,0.05732484076433121,0.006369426751592357,0.0012738853503184713,
45,5,PERFORMANCE,0.03355704697986577,SIC_INNER_SHOULD_BE_STATIC,18,2,0,0.05732484076433121,0.006369426751592357,0.0,
45,5,MT_CORRECTNESS,0.0013422818791946308,ESync_EMPTY_SYNC,14,2,2,0.05732484076433121,0.006369426751592357,0.0025477707006369425,
45,5,PERFORMANCE,0.03355704697986577,SIC_INNER_SHOULD_BE_STATIC,18,2,0,0.05732484076433121,0.006369426751592357,0.0,
45,5,STYLE,0.0013422818791946308,UC_USELESS_VOID_METHOD,17,2,2,0.05732484076433121,0.006369426751592357,0.0025477707006369425,
4,3,MT_CORRECTNESS,0.0013422818791946308,LI_LAZY_INIT_STATIC,17,3,1,0.005095541401273885,0.003821656050955414,0.0012738853503184713,
4,1,I18N,0.11275167785234899,DM_DEFAULT_ENCODING,19,1,1,0.005095541401273885,0.0012738853503184713,0.0012738853503184713,
5,3,CORRECTNESS,0.0013422818791946308,UR_UNINIT_READ,6,3,1,0.006369426751592357,0.003821656050955414,0.0012738853503184713,
5,3,STYLE,0.005369127516778523,ICAST_INTEGER_MULTIPLY_CAST_TO_LONG,20,3,2,0.006369426751592357,0.003821656050955414,0.0025477707006369425,
5,3,CORRECTNESS,0.0026845637583892616,RV_ABSOLUTE_VALUE_OF_RANDOM_INT,7,1,2,0.006369426751592357,0.003821656050955414,0.0025477707006369425,
5,1,CORRECTNESS,0.0026845637583892616,RV_ABSOLUTE_VALUE_OF_RANDOM_INT,7,1,1,0.006369426751592357,0.0012738853503184713,0.0012738853503184713,
5,1,PERFORMANCE,0.03087248322147651,URF_UNREAD_FIELD,20,3,0,0.006369426751592357,0.0012738853503184713,0.0,
3,3,I18N,0.01476510067114094,DM_CONVERT_CASE,20,3,1,0.003821656050955414,0.003821656050955414,0.0012738853503184713,
3,3,I18N,0.01476510067114094,DM_CONVERT_CASE,20,3,1,0.003821656050955414,0.003821656050955414,0.0012738853503184713,
3,3,I18N,0.01476510067114094,DM_CONVERT_CASE,20,3,1,0.003821656050955414,0.003821656050955414,0.0012738853503184713,
4,2,I18N,0.11275167785234899,DM_DEFAULT_ENCODING,19,1,2,0.005095541401273885,0.0025477707006369425,0.0025477707006369425,
4,2,I18N,0.11275167785234899,DM_DEFAULT_ENCODING,19,1,2,0.005095541401273885,0.0025477707006369425,0.0025477707006369425,
4,2,I18N,0.11275167785234899,DM_DEFAULT_ENCODING,19,1,1,0.005095541401273885,0.0025477707006369425,0.0012738853503184713,
4,2,PERFORMANCE,0.03087248322147651,URF_UNREAD_FIELD,20,3,0,0.005095541401273885,0.0025477707006369425,0.0,
1,1,STYLE,0.005369127516778523,URF_UNREAD_PUBLIC_OR_PROTECTED_FIELD,20,3,0,0.0012738853503184713,0.0012738853503184713,0.0,
7,1,MALICIOUS_CODE,0.012080536912751677,EI_EXPOSE_REP2,18,2,1,0.008917197452229299,0.0012738853503184713,0.0012738853503184713,
7,2,I18N,0.11275167785234899,DM_DEFAULT_ENCODING,19,1,2,0.008917197452229299,0.0025477707006369425,0.0025477707006369425,
7,2,I18N,0.11275167785234899,DM_DEFAULT_ENCODING,19,1,2,0.008917197452229299,0.0025477707006369425,0.0025477707006369425,
7,4,CORRECTNESS,0.0013422818791946308,RV_RETURN_VALUE_IGNORED,8,3,1,0.008917197452229299,0.005095541401273885,0.0012738853503184713,
7,4,BAD_PRACTICE,0.004026845637583893,SE_BAD_FIELD_INNER_CLASS,19,3,0,0.008917197452229299,0.005095541401273885,0.0,
7,4,BAD_PRACTICE,0.0026845637583892616,SE_NO_SERIALVERSIONID,19,3,0,0.008917197452229299,0.005095541401273885,0.0,
13,1,STYLE,0.010738255033557046,RV_RETURN_VALUE_IGNORED_NO_SIDE_EFFECT,17,2,1,0.016560509554140127,0.0012738853503184713,0.0012738853503184713,
13,1,STYLE,0.010738255033557046,RV_RETURN_VALUE_IGNORED_NO_SIDE_EFFECT,17,2,1,0.016560509554140127,0.0012738853503184713,0.0012738853503184713,
13,2,STYLE,0.028187919463087248,UWF_FIELD_NOT_INITIALIZED_IN_CONSTRUCTOR,20,3,1,0.016560509554140127,0.0025477707006369425,0.0012738853503184713,
13,2,PERFORMANCE,0.026845637583892617,SIC_INNER_SHOULD_BE_STATIC_ANON,20,3,0,0.016560509554140127,0.0025477707006369425,0.0,
13,1,STYLE,0.010738255033557046,RV_RETURN_VALUE_IGNORED_NO_SIDE_EFFECT,17,2,1,0.016560509554140127,0.0012738853503184713,0.0012738853503184713,
13,1,STYLE,0.010738255033557046,RV_RETURN_VALUE_IGNORED_NO_SIDE_EFFECT,17,2,1,0.016560509554140127,0.0012738853503184713,0.0012738853503184713,
13,1,STYLE,0.028187919463087248,UWF_FIELD_NOT_INITIALIZED_IN_CONSTRUCTOR,20,3,1,0.016560509554140127,0.0012738853503184713,0.0012738853503184713,
13,4,PERFORMANCE,0.026845637583892617,SIC_INNER_SHOULD_BE_STATIC_ANON,20,3,0,0.016560509554140127,0.005095541401273885,0.0,
13,4,PERFORMANCE,0.026845637583892617,SIC_INNER_SHOULD_BE_STATIC_ANON,20,3,0,0.016560509554140127,0.005095541401273885,0.0,
13,4,PERFORMANCE,0.026845637583892617,SIC_INNER_SHOULD_BE_STATIC_ANON,20,3,0,0.016560509554140127,0.005095541401273885,0.0,
13,4,PERFORMANCE,0.026845637583892617,SIC_INNER_SHOULD_BE_STATIC_ANON,20,3,0,0.016560509554140127,0.005095541401273885,0.0,
13,2,STYLE,0.010738255033557046,RV_RETURN_VALUE_IGNORED_NO_SIDE_EFFECT,17,2,1,0.016560509554140127,0.0025477707006369425,0.0012738853503184713,
13,2,PERFORMANCE,0.026845637583892617,SIC_INNER_SHOULD_BE_STATIC_ANON,20,3,0,0.016560509554140127,0.0025477707006369425,0.0,
1,1,I18N,0.11275167785234899,DM_DEFAULT_ENCODING,19,1,1,0.0012738853503184713,0.0012738853503184713,0.0012738853503184713,
3,1,STYLE,0.010738255033557046,RV_RETURN_VALUE_IGNORED_NO_SIDE_EFFECT,17,2,1,0.003821656050955414,0.0012738853503184713,0.0012738853503184713,
3,1,STYLE,0.004026845637583893,DB_DUPLICATE_SWITCH_CLAUSES,20,3,1,0.003821656050955414,0.0012738853503184713,0.0012738853503184713,
1,1,STYLE,0.06040268456375839,REC_CATCH_EXCEPTION,20,3,1,0.0012738853503184713,0.0012738853503184713,0.0012738853503184713,
2,2,MALICIOUS_CODE,0.0026845637583892616,MS_SHOULD_BE_FINAL,20,3,0,0.0025477707006369425,0.0025477707006369425,0.0,
2,2,STYLE,0.005369127516778523,URF_UNREAD_PUBLIC_OR_PROTECTED_FIELD,20,3,0,0.0025477707006369425,0.0025477707006369425,0.0,
