F61,F77,F88,F70,
3,1488,870,5266,
3,1488,870,5266,
3,1488,870,5266,
1,806,316,4584,
3,1488,870,5266,
3,1488,870,5266,
3,1488,870,5266,
3,1488,870,5266,
3,1488,870,5266,
3,1488,870,5266,
3,1488,870,5266,
13,1550,916,5328,
10,1743,1075,5521,
10,1743,1075,5521,
10,1743,1075,5521,
4,2956,1573,6734,
4,2956,1573,6734,
4,2956,1573,6734,
4,2956,1573,6734,
7,1512,883,5290,
7,1512,883,5290,
10,1539,905,5317,
10,1539,905,5317,
10,1539,905,5317,
2,307,164,4085,
3,1616,965,5394,
3,3599,2832,7377,
0,1616,965,5394,
2,1616,965,5394,
8,3599,2832,7377,
2,1616,965,5394,
2,1616,965,5394,
8,3599,2832,7377,
8,3599,2832,7377,
2,1616,965,5394,
5,3490,2443,7268,
5,3490,2443,7268,
5,3490,2443,7268,
2,2973,1597,6751,
2,2973,1597,6751,
7,3599,2832,7377,
4,3492,2446,7270,
4,3492,2446,7270,
4,3492,2446,7270,
4,3492,2446,7270,
4,3492,2446,7270,
4,3492,2446,7270,
4,3492,2446,7270,
4,3599,2832,7377,
8,3599,2832,7377,
8,3599,2832,7377,
8,3599,2832,7377,
8,3599,2832,7377,
5,3599,2832,7377,
5,3599,2832,7377,
5,3599,2832,7377,
5,3599,2832,7377,
0,1616,965,5394,
0,1616,965,5394,
0,1616,965,5394,
4,3599,2832,7377,
4,3599,2832,7377,
11,3599,2832,7377,
2,1616,965,5394,
2,1616,965,5394,
3,3599,2832,7377,
3,3599,2832,7377,
3,3599,2832,7377,
1,1560,933,5338,
4,2477,1349,6255,
1,1560,933,5338,
6,2973,1597,6751,
2,1616,965,5394,
2,1616,965,5394,
4,2973,1597,6751,
1,1616,965,5394,
5,3599,2832,7377,
5,3599,2832,7377,
6,3599,2832,7377,
6,3599,2832,7377,
6,3599,2832,7377,
2,1560,933,5338,
6,2477,1349,6255,
6,2477,1349,6255,
6,2477,1349,6255,
6,2477,1349,6255,
6,2477,1349,6255,
6,2477,1349,6255,
6,2477,1349,6255,
11,3599,2832,7377,
7,3599,2832,7377,
7,3599,2832,7377,
9,4734,3586,8512,
1,3471,2428,7249,
6,4354,3524,8132,
9,4734,3586,8512,
9,4734,3586,8512,
0,1256,726,5034,
31,4899,3630,8677,
31,4899,3630,8677,
21,4899,3630,8677,
21,4899,3630,8677,
21,4899,3630,8677,
4,1235,715,5013,
4,1235,715,5013,
4,4242,3476,8020,
4,4242,3476,8020,
4,4242,3476,8020,
4,4242,3476,8020,
6,4849,3607,8627,
6,4849,3607,8627,
6,4849,3607,8627,
6,4849,3607,8627,
5,4849,3607,8627,
5,4849,3607,8627,
5,4849,3607,8627,
5,4849,3607,8627,
5,4849,3607,8627,
8,4849,3607,8627,
8,4849,3607,8627,
8,4849,3607,8627,
8,4849,3607,8627,
8,4849,3607,8627,
8,4849,3607,8627,
8,4849,3607,8627,
8,4849,3607,8627,
8,4849,3607,8627,
8,4849,3607,8627,
8,4849,3607,8627,
8,4849,3607,8627,
8,4849,3607,8627,
8,4849,3607,8627,
8,4849,3607,8627,
5,4849,3607,8627,
5,4849,3607,8627,
5,4849,3607,8627,
5,4849,3607,8627,
5,4849,3607,8627,
5,4849,3607,8627,
5,4849,3607,8627,
5,4849,3607,8627,
5,4849,3607,8627,
15,4849,3607,8627,
15,4849,3607,8627,
15,4849,3607,8627,
15,4849,3607,8627,
15,4849,3607,8627,
15,4849,3607,8627,
16,4899,3630,8677,
12,4133,3394,7911,
13,4843,3603,8621,
14,4847,3607,8625,
15,4849,3607,8627,
15,4849,3607,8627,
15,4849,3607,8627,
5,4849,3607,8627,
5,4849,3607,8627,
7,4849,3607,8627,
5,4849,3607,8627,
5,4849,3607,8627,
5,4849,3607,8627,
5,4849,3607,8627,
5,4849,3607,8627,
4,4244,3476,8022,
4,4244,3476,8022,
10,4258,3481,8036,
8,4245,3476,8023,
8,4245,3476,8023,
10,4258,3481,8036,
16,4709,3583,8487,
15,4699,3579,8477,
16,4709,3583,8487,
16,4709,3583,8487,
4,4245,3476,8023,
8,4709,3583,8487,
8,4258,3481,8036,
6,4709,3583,8487,
6,4709,3583,8487,
10,4696,3578,8474,
10,4696,3578,8474,
6,4709,3583,8487,
5,4696,3578,8474,
8,4709,3583,8487,
8,4709,3583,8487,
8,4709,3583,8487,
14,4709,3583,8487,
14,4709,3583,8487,
14,4709,3583,8487,
14,4709,3583,8487,
14,4709,3583,8487,
14,4709,3583,8487,
14,4709,3583,8487,
14,4709,3583,8487,
14,4709,3583,8487,
14,4709,3583,8487,
14,4709,3583,8487,
13,4390,3538,8168,
14,4709,3583,8487,
14,4709,3583,8487,
14,4709,3583,8487,
14,4709,3583,8487,
14,4709,3583,8487,
5,4390,3538,8168,
5,4390,3538,8168,
5,4390,3538,8168,
5,4390,3538,8168,
5,4390,3538,8168,
5,4390,3538,8168,
5,4390,3538,8168,
6,4709,3583,8487,
5,4390,3538,8168,
5,4390,3538,8168,
5,4390,3538,8168,
5,4390,3538,8168,
9,4691,3578,8469,
10,4389,3538,8167,
10,4389,3538,8167,
10,4389,3538,8167,
10,4389,3538,8167,
10,4389,3538,8167,
10,4389,3538,8167,
10,4389,3538,8167,
10,4389,3538,8167,
10,4524,3553,8302,
10,4524,3553,8302,
10,4524,3553,8302,
10,4524,3553,8302,
10,4524,3553,8302,
10,4524,3553,8302,
10,4524,3553,8302,
10,4524,3553,8302,
10,4524,3553,8302,
10,4524,3553,8302,
10,4524,3553,8302,
10,4524,3553,8302,
10,4524,3553,8302,
10,4524,3553,8302,
11,4526,3553,8304,
11,4526,3553,8304,
15,4693,3578,8471,
15,4693,3578,8471,
9,4389,3538,8167,
9,4389,3538,8167,
9,4389,3538,8167,
9,4389,3538,8167,
9,4389,3538,8167,
9,4389,3538,8167,
9,4389,3538,8167,
9,4389,3538,8167,
10,4524,3553,8302,
9,4389,3538,8167,
9,4389,3538,8167,
9,4389,3538,8167,
9,4389,3538,8167,
9,4389,3538,8167,
9,4389,3538,8167,
9,4389,3538,8167,
9,4389,3538,8167,
9,4389,3538,8167,
9,4389,3538,8167,
9,4389,3538,8167,
9,4389,3538,8167,
9,4389,3538,8167,
10,4524,3553,8302,
9,4389,3538,8167,
9,4389,3538,8167,
9,4389,3538,8167,
9,4389,3538,8167,
9,4389,3538,8167,
10,4524,3553,8302,
10,4524,3553,8302,
9,4524,3553,8302,
9,4524,3553,8302,
9,4524,3553,8302,
9,4524,3553,8302,
8,4389,3538,8167,
9,4524,3553,8302,
9,4524,3553,8302,
9,4524,3553,8302,
9,4524,3553,8302,
9,4524,3553,8302,
8,4389,3538,8167,
9,4524,3553,8302,
8,4389,3538,8167,
8,4389,3538,8167,
8,4389,3538,8167,
8,4389,3538,8167,
8,4389,3538,8167,
8,4389,3538,8167,
10,4524,3553,8302,
10,4524,3553,8302,
10,4524,3553,8302,
8,4389,3538,8167,
8,4389,3538,8167,
8,4389,3538,8167,
8,4389,3538,8167,
8,4389,3538,8167,
8,4389,3538,8167,
10,4524,3553,8302,
10,4524,3553,8302,
10,4524,3553,8302,
10,4524,3553,8302,
10,4524,3553,8302,
10,4524,3553,8302,
10,4524,3553,8302,
10,4524,3553,8302,
10,4524,3553,8302,
10,4524,3553,8302,
10,4524,3553,8302,
5,4248,3476,8026,
5,4248,3476,8026,
15,4899,3630,8677,
15,4899,3630,8677,
6,4899,3630,8677,
6,4899,3630,8677,
10,4899,3630,8677,
10,4899,3630,8677,
10,4899,3630,8677,
10,4899,3630,8677,
10,4899,3630,8677,
10,4899,3630,8677,
10,4899,3630,8677,
13,4899,3630,8677,
13,4899,3630,8677,
13,4899,3630,8677,
2,1609,963,5387,
6,4899,3630,8677,
6,4899,3630,8677,
6,4899,3630,8677,
6,4899,3630,8677,
6,4899,3630,8677,
6,4899,3630,8677,
8,4899,3630,8677,
8,4899,3630,8677,
3,4899,3630,8677,
7,4899,3630,8677,
4,4899,3630,8677,
4,4899,3630,8677,
5,4899,3630,8677,
5,4899,3630,8677,
5,4899,3630,8677,
5,4899,3630,8677,
5,4899,3630,8677,
5,4899,3630,8677,
5,4899,3630,8677,
5,4899,3630,8677,
2,1609,963,5387,
5,4899,3630,8677,
5,4899,3630,8677,
8,4899,3630,8677,
1,801,313,4579,
1,801,313,4579,
4,886,384,4664,
4,886,384,4664,
4,886,384,4664,
6,886,384,4664,
3,800,312,4578,
3,800,312,4578,
3,800,312,4578,
1,781,310,4559,
2,803,313,4581,
2,803,313,4581,
2,803,313,4581,
0,801,313,4579,
1,800,312,4578,
2,803,313,4581,
2,803,313,4581,
0,801,313,4579,
1,799,312,4577,
1,799,312,4577,
1,799,312,4577,
1,799,312,4577,
1,799,312,4577,
1,799,312,4577,
1,799,312,4577,
1,799,312,4577,
1,799,312,4577,
3,4899,3630,8677,
0,800,312,4578,
0,800,312,4578,
0,800,312,4578,
0,800,312,4578,
0,800,312,4578,
8,4899,3630,8677,
8,4899,3630,8677,
8,4899,3630,8677,
5,4899,3630,8677,
5,4899,3630,8677,
5,4899,3630,8677,
5,4899,3630,8677,
10,4899,3630,8677,
10,4899,3630,8677,
9,4899,3630,8677,
9,4899,3630,8677,
5,4899,3630,8677,
5,4899,3630,8677,
5,4899,3630,8677,
5,4899,3630,8677,
5,4899,3630,8677,
8,3715,3040,7493,
13,4212,3463,7990,
13,4212,3463,7990,
3,83,79,3861,
3,83,79,3861,
6,3312,2142,7090,
28,4870,3616,8648,
2,3312,2142,7090,
1,91,79,3869,
1,91,79,3869,
1,91,79,3869,
1,91,79,3869,
1,91,79,3869,
6,3312,2142,7090,
6,3312,2142,7090,
6,3312,2142,7090,
6,3312,2142,7090,
6,3312,2142,7090,
6,3312,2142,7090,
6,3312,2142,7090,
6,3312,2142,7090,
6,3312,2142,7090,
6,3312,2142,7090,
6,3312,2142,7090,
6,3312,2142,7090,
6,3312,2142,7090,
6,3312,2142,7090,
6,3312,2142,7090,
6,3312,2142,7090,
6,3312,2142,7090,
6,3312,2142,7090,
6,3312,2142,7090,
6,3312,2142,7090,
6,3312,2142,7090,
6,3312,2142,7090,
6,3312,2142,7090,
6,3312,2142,7090,
6,3312,2142,7090,
6,3312,2142,7090,
6,3312,2142,7090,
9,3740,3054,7518,
21,4384,3538,8162,
14,3705,3035,7483,
17,3722,3048,7500,
33,4870,3616,8648,
14,3705,3035,7483,
0,1257,726,5035,
18,3740,3054,7518,
8,3516,2510,7294,
28,4870,3616,8648,
24,4870,3616,8648,
2,3312,2142,7090,
2,3312,2142,7090,
33,4870,3616,8648,
33,4870,3616,8648,
33,4870,3616,8648,
33,4870,3616,8648,
5,3312,2142,7090,
5,3312,2142,7090,
5,3312,2142,7090,
5,3312,2142,7090,
5,3312,2142,7090,
5,3312,2142,7090,
5,3312,2142,7090,
5,3312,2142,7090,
5,3312,2142,7090,
5,3312,2142,7090,
5,3312,2142,7090,
5,3312,2142,7090,
5,3312,2142,7090,
5,3312,2142,7090,
5,3312,2142,7090,
5,3312,2142,7090,
5,3312,2142,7090,
5,3312,2142,7090,
5,3312,2142,7090,
5,3312,2142,7090,
5,3312,2142,7090,
5,3312,2142,7090,
5,3312,2142,7090,
5,3312,2142,7090,
5,3312,2142,7090,
5,3312,2142,7090,
5,3312,2142,7090,
5,3312,2142,7090,
5,3312,2142,7090,
5,3312,2142,7090,
5,3312,2142,7090,
5,3312,2142,7090,
5,3312,2142,7090,
5,3312,2142,7090,
5,3312,2142,7090,
5,3312,2142,7090,
0,1501,874,5279,
0,1501,874,5279,
0,1501,874,5279,
11,4400,3540,8178,
11,4400,3540,8178,
11,4400,3540,8178,
11,4400,3540,8178,
11,4400,3540,8178,
11,4400,3540,8178,
11,4400,3540,8178,
11,4400,3540,8178,
11,4400,3540,8178,
11,4400,3540,8178,
11,4400,3540,8178,
11,4400,3540,8178,
11,4400,3540,8178,
11,4400,3540,8178,
11,4400,3540,8178,
11,4400,3540,8178,
11,4400,3540,8178,
1,85,79,3863,
2,91,79,3869,
29,3740,3054,7518,
12,2754,1432,6532,
3,3312,2142,7090,
3,3312,2142,7090,
4,3798,3089,7576,
4,3798,3089,7576,
16,3798,3089,7576,
4,3644,2968,7422,
9,3793,3088,7571,
8,3312,2142,7090,
8,3312,2142,7090,
8,3312,2142,7090,
8,3312,2142,7090,
8,3312,2142,7090,
8,3312,2142,7090,
8,3312,2142,7090,
8,3312,2142,7090,
8,3312,2142,7090,
8,3312,2142,7090,
3,2754,1432,6532,
3,2754,1432,6532,
7,3312,2142,7090,
7,3312,2142,7090,
7,3312,2142,7090,
28,3741,3054,7519,
28,3741,3054,7519,
28,3741,3054,7519,
28,3741,3054,7519,
28,3741,3054,7519,
28,3741,3054,7519,
28,3741,3054,7519,
28,3741,3054,7519,
28,3741,3054,7519,
28,3741,3054,7519,
28,3741,3054,7519,
28,3741,3054,7519,
28,3741,3054,7519,
28,3741,3054,7519,
28,3741,3054,7519,
28,3741,3054,7519,
28,3741,3054,7519,
28,3741,3054,7519,
28,3741,3054,7519,
8,3312,2142,7090,
8,3312,2142,7090,
8,3312,2142,7090,
8,3312,2142,7090,
8,3312,2142,7090,
8,3312,2142,7090,
8,3312,2142,7090,
8,3312,2142,7090,
8,3312,2142,7090,
8,3312,2142,7090,
8,3312,2142,7090,
8,3312,2142,7090,
8,3312,2142,7090,
8,3312,2142,7090,
7,3798,3089,7576,
7,3798,3089,7576,
5,3766,3079,7544,
8,3703,3034,7481,
4,3561,2692,7339,
8,3703,3034,7481,
4,3312,2142,7090,
4,3312,2142,7090,
9,3716,3040,7494,
7,3716,3040,7494,
8,4899,3630,8677,
17,4870,3616,8648,
17,4870,3616,8648,
17,4870,3616,8648,
11,4870,3616,8648,
11,4870,3616,8648,
11,4870,3616,8648,
3,3312,2142,7090,
6,3775,3083,7553,
11,4870,3616,8648,
34,3175,1942,6953,
25,2972,1597,6750,
44,3453,2420,7231,
44,3453,2420,7231,
45,4899,3630,8677,
45,4899,3630,8677,
45,4899,3630,8677,
5,955,446,4733,
8,4899,3630,8677,
8,4899,3630,8677,
5,3236,2036,7014,
5,3236,2036,7014,
5,3175,1942,6953,
4,3175,1942,6953,
4,3175,1942,6953,
7,3175,1942,6953,
4,3175,1942,6953,
7,3175,1942,6953,
7,3175,1942,6953,
7,3175,1942,6953,
6,3403,2370,7181,
6,3403,2370,7181,
6,3403,2370,7181,
6,3403,2370,7181,
6,3403,2370,7181,
6,3403,2370,7181,
7,4899,3630,8677,
7,4899,3630,8677,
7,4899,3630,8677,
7,4899,3630,8677,
7,4899,3630,8677,
7,4899,3630,8677,
7,4899,3630,8677,
7,4899,3630,8677,
7,4899,3630,8677,
10,4899,3630,8677,
10,4899,3630,8677,
7,2517,1365,6295,
7,2517,1365,6295,
7,2517,1365,6295,
3,3046,1689,6824,
5,1963,1196,5741,
7,2488,1358,6266,
5,2488,1358,6266,
5,2488,1358,6266,
3,2265,1253,6043,
3,2265,1253,6043,
4,2878,1468,6656,
4,3175,1942,6953,
27,4899,3630,8677,
27,4899,3630,8677,
27,4899,3630,8677,
27,4899,3630,8677,
8,4899,3630,8677,
7,1553,926,5331,
7,1553,926,5331,
1,146,108,3924,
6,2498,1362,6276,
5,2489,1359,6267,
8,2501,1363,6279,
8,2501,1363,6279,
8,2501,1363,6279,
8,2501,1363,6279,
8,2501,1363,6279,
8,2501,1363,6279,
8,2501,1363,6279,
8,2501,1363,6279,
12,2517,1365,6295,
4,3040,1686,6818,
7,3453,2420,7231,
7,2500,1363,6278,
7,2500,1363,6278,
32,3299,2122,7077,
11,2508,1364,6286,
5,2491,1360,6269,
7,3299,2122,7077,
7,3299,2122,7077,
26,3166,1910,6944,
26,3166,1910,6944,
32,3453,2420,7231,
22,3166,1910,6944,
13,3166,1910,6944,
0,1219,650,4997,
12,2508,1364,6286,
4,2375,1310,6153,
6,3166,1910,6944,
3,3049,1691,6827,
6,3166,1910,6944,
6,3166,1910,6944,
6,3166,1910,6944,
13,4899,3630,8677,
5,4899,3630,8677,
5,4899,3630,8677,
5,4899,3630,8677,
12,2498,1362,6276,
6,2474,1349,6252,
9,2491,1360,6269,
4,2126,1228,5904,
9,2491,1360,6269,
4,2126,1228,5904,
4,2126,1228,5904,
4,2126,1228,5904,
6,2373,1310,6151,
45,4899,3630,8677,
1,3049,1691,6827,
1,4899,3630,8677,
1,4899,3630,8677,
1,4899,3630,8677,
1,4899,3630,8677,
2,3046,1689,6824,
1,3046,1689,6824,
0,1484,861,5262,
9,4899,3630,8677,
9,4899,3630,8677,
9,4899,3630,8677,
9,4899,3630,8677,
9,4899,3630,8677,
9,4899,3630,8677,
16,4899,3630,8677,
5,2438,1335,6216,
5,2438,1335,6216,
2,2264,1253,6042,
4,2126,1228,5904,
7,2481,1356,6259,
5,3166,1910,6944,
5,3166,1910,6944,
17,4899,3630,8677,
17,4899,3630,8677,
17,4899,3630,8677,
7,3293,2117,7071,
15,4899,3630,8677,
15,4899,3630,8677,
3,4899,3630,8677,
16,4899,3630,8677,
16,4899,3630,8677,
16,4899,3630,8677,
16,4899,3630,8677,
16,4899,3630,8677,
16,4899,3630,8677,
16,4899,3630,8677,
16,4899,3630,8677,
16,4899,3630,8677,
5,2100,1223,5878,
42,4899,3630,8677,
42,4899,3630,8677,
6,3453,2420,7231,
13,4899,3630,8677,
3,1741,1075,5519,
13,4899,3630,8677,
13,4899,3630,8677,
12,3453,2420,7231,
4,2495,1361,6273,
9,2126,1228,5904,
44,4899,3630,8677,
44,4899,3630,8677,
5,4899,3630,8677,
6,2103,1225,5881,
6,2103,1225,5881,
6,2103,1225,5881,
6,2103,1225,5881,
6,2103,1225,5881,
6,4899,3630,8677,
6,2474,1349,6252,
6,2474,1349,6252,
6,2474,1349,6252,
6,2474,1349,6252,
5,2505,1364,6283,
4,2439,1336,6217,
6,3211,2001,6989,
6,3211,2001,6989,
6,3211,2001,6989,
8,3175,1942,6953,
8,3175,1942,6953,
2,2375,1310,6153,
17,3046,1689,6824,
7,2474,1349,6252,
12,2498,1362,6276,
34,4899,3630,8677,
34,4899,3630,8677,
46,3166,1910,6944,
70,4899,3630,8677,
70,4899,3630,8677,
70,4899,3630,8677,
70,4899,3630,8677,
70,4899,3630,8677,
70,4899,3630,8677,
56,3293,2117,7071,
56,3293,2117,7071,
4,1741,1075,5519,
7,2987,1617,6765,
0,628,199,4406,
17,4899,3630,8677,
17,4899,3630,8677,
15,1261,727,5039,
15,1261,727,5039,
19,1273,731,5051,
5,1277,731,5055,
7,1281,732,5059,
1,848,363,4626,
5,1277,731,5055,
4,1261,727,5039,
4,1281,732,5059,
4,1281,732,5059,
5,4899,3630,8677,
7,1275,731,5053,
10,1281,732,5059,
10,1281,732,5059,
7,1275,731,5053,
10,1281,732,5059,
2,1275,731,5053,
6,1279,732,5057,
4,1273,731,5051,
3,1261,727,5039,
0,748,283,4526,
1,845,363,4623,
0,844,362,4622,
1,848,363,4626,
4,4899,3630,8677,
2,1142,585,4920,
17,2992,1648,6770,
2,227,133,4005,
9,227,133,4005,
9,227,133,4005,
9,227,133,4005,
16,567,187,4345,
16,567,187,4345,
0,227,133,4005,
0,227,133,4005,
0,227,133,4005,
80,4899,3630,8677,
31,2430,1333,6208,
63,4360,3529,8138,
32,2453,1343,6231,
80,4899,3630,8677,
7,4899,3630,8677,
21,4899,3630,8677,
21,4899,3630,8677,
14,4077,3347,7855,
14,4077,3347,7855,
14,4077,3347,7855,
12,3058,1697,6836,
13,4899,3630,8677,
13,4899,3630,8677,
12,3058,1697,6836,
12,3058,1697,6836,
12,3058,1697,6836,
19,4899,3630,8677,
18,3025,1668,6803,
18,3025,1668,6803,
18,3025,1668,6803,
18,3025,1668,6803,
18,3025,1668,6803,
18,3025,1668,6803,
18,3025,1668,6803,
18,3025,1668,6803,
19,4899,3630,8677,
11,2522,1366,6300,
12,4899,3630,8677,
12,4899,3630,8677,
12,4899,3630,8677,
12,4899,3630,8677,
12,4899,3630,8677,
12,4899,3630,8677,
12,4899,3630,8677,
12,4899,3630,8677,
12,4899,3630,8677,
22,2388,1322,6166,
27,4899,3630,8677,
27,4899,3630,8677,
14,2140,1231,5918,
27,4899,3630,8677,
4,3130,1834,6908,
6,3599,2832,7377,
7,1312,748,5090,
17,1313,748,5091,
17,1313,748,5091,
17,1313,748,5091,
17,1313,748,5091,
5,3599,2832,7377,
22,2702,1402,6480,
3,3491,2444,7269,
6,3599,2832,7377,
6,4899,3630,8677,
2,4899,3630,8677,
20,2152,1238,5930,
2,916,410,4694,
12,3599,2832,7377,
1,1049,519,4827,
20,4154,3414,7932,
16,4154,3414,7932,
24,4154,3414,7932,
18,3977,3242,7755,
38,4899,3630,8677,
22,4899,3630,8677,
31,2663,1391,6441,
29,2605,1380,6383,
32,4899,3630,8677,
12,4154,3414,7932,
12,4154,3414,7932,
21,3977,3242,7755,
16,3599,2832,7377,
6,1944,1187,5722,
20,4899,3630,8677,
6,1944,1187,5722,
10,2226,1249,6004,
13,2798,1446,6576,
21,2834,1455,6612,
22,2914,1498,6692,
15,4154,3414,7932,
13,4154,3414,7932,
0,1824,1145,5602,
12,4154,3414,7932,
14,3599,2832,7377,
14,3599,2832,7377,
8,2919,1508,6697,
0,1829,1146,5607,
10,4899,3630,8677,
7,2229,1249,6007,
18,4899,3630,8677,
18,4899,3630,8677,
18,4899,3630,8677,
13,3599,2832,7377,
26,4899,3630,8677,
18,2835,1458,6613,
25,3599,2832,7377,
0,1066,530,4844,
0,1066,530,4844,
7,4899,3630,8677,
7,4899,3630,8677,
11,4899,3630,8677,
11,2990,1644,6768,
11,2990,1644,6768,
8,2471,1348,6249,
29,4899,3630,8677,
29,4899,3630,8677,
29,4899,3630,8677,
29,4899,3630,8677,
1,1829,1146,5607,
1,1829,1146,5607,
52,4154,3414,7932,
1,1049,519,4827,
12,4154,3414,7932,
11,3599,2832,7377,
12,4154,3414,7932,
12,4154,3414,7932,
1,1066,530,4844,
2,1321,751,5099,
2,1321,751,5099,
1,1829,1146,5607,
8,3599,2832,7377,
2,1284,735,5062,
2,1284,735,5062,
2,1284,735,5062,
7,1817,1144,5595,
0,193,118,3971,
7,1817,1144,5595,
24,4899,3630,8677,
23,2777,1438,6555,
15,4154,3414,7932,
0,1824,1145,5602,
25,4154,3414,7932,
17,4154,3414,7932,
5,1357,769,5135,
3,1049,519,4827,
3,1049,519,4827,
3,1049,519,4827,
3,1049,519,4827,
3,1049,519,4827,
17,3977,3242,7755,
23,4899,3630,8677,
23,4899,3630,8677,
21,4899,3630,8677,
21,4899,3630,8677,
12,2837,1460,6615,
8,2837,1460,6615,
17,4154,3414,7932,
29,3599,2832,7377,
6,2996,1652,6774,
16,4012,3294,7790,
16,3991,3259,7769,
0,1824,1145,5602,
7,2997,1655,6775,
12,4154,3414,7932,
12,4154,3414,7932,
16,4154,3414,7932,
0,1824,1145,5602,
18,4154,3414,7932,
30,2263,1252,6041,
78,4899,3630,8677,
30,2263,1252,6041,
5,4899,3630,8677,
41,3386,2338,7164,
42,4899,3630,8677,
42,4899,3630,8677,
12,4154,3414,7932,
0,1824,1145,5602,
16,3977,3242,7755,
25,4154,3414,7932,
15,4154,3414,7932,
19,3864,3121,7642,
19,3864,3121,7642,
12,4154,3414,7932,
6,2996,1652,6774,
20,4154,3414,7932,
35,3386,2338,7164,
24,3961,3218,7739,
30,4899,3630,8677,
4,1908,1170,5686,
20,2712,1406,6490,
1,1829,1146,5607,
5,4011,3294,7789,
1,4899,3630,8677,
1,4899,3630,8677,
2,1593,951,5371,
9,3386,2338,7164,
2,1593,951,5371,
19,4899,3630,8677,
13,2974,1599,6752,
27,3599,2832,7377,
17,3977,3242,7755,
32,4899,3630,8677,
37,4899,3630,8677,
37,4899,3630,8677,
37,4899,3630,8677,
4,1321,751,5099,
0,1824,1145,5602,
0,1066,530,4844,
1,1321,751,5099,
1,1321,751,5099,
0,1066,530,4844,
1,1321,751,5099,
1,1321,751,5099,
12,4154,3414,7932,
9,3599,2832,7377,
15,4154,3414,7932,
0,1824,1145,5602,
17,4154,3414,7932,
17,4899,3630,8677,
17,4899,3630,8677,
12,3566,2703,7344,
12,3566,2703,7344,
2,1321,751,5099,
0,682,230,4460,
0,682,230,4460,
14,4899,3630,8677,
14,4899,3630,8677,
14,4899,3630,8677,
13,2663,1391,6441,
13,2663,1391,6441,
13,2663,1391,6441,
6,4899,3630,8677,
11,4899,3630,8677,
4,4899,3630,8677,
26,3922,3169,7700,
27,4899,3630,8677,
4,2663,1391,6441,
4,4899,3630,8677,
4,4899,3630,8677,
8,4899,3630,8677,
8,4899,3630,8677,
8,4899,3630,8677,
11,4899,3630,8677,
0,1823,1145,5601,
0,1823,1145,5601,
0,1823,1145,5601,
0,1823,1145,5601,
0,1823,1145,5601,
0,1823,1145,5601,
0,1823,1145,5601,
0,1823,1145,5601,
0,1147,586,4925,
0,1823,1145,5601,
3,4899,3630,8677,
1,1823,1145,5601,
2,4899,3630,8677,
0,1823,1145,5601,
0,1823,1145,5601,
0,1823,1145,5601,
0,1147,586,4925,
0,1823,1145,5601,
0,1823,1145,5601,
0,1823,1145,5601,
0,1823,1145,5601,
0,1823,1145,5601,
2,1823,1145,5601,
0,1823,1145,5601,
0,1823,1145,5601,
0,1823,1145,5601,
0,1823,1145,5601,
0,1823,1145,5601,
0,1823,1145,5601,
0,1823,1145,5601,
1,1823,1145,5601,
1,1823,1145,5601,
1,1823,1145,5601,
1,1823,1145,5601,
0,1823,1145,5601,
0,1823,1145,5601,
0,1823,1145,5601,
1,1823,1145,5601,
1,4899,3630,8677,
0,1823,1145,5601,
0,1823,1145,5601,
0,1823,1145,5601,
0,1823,1145,5601,
2,4899,3630,8677,
2,4899,3630,8677,
2,4899,3630,8677,
2,4899,3630,8677,
2,4899,3630,8677,
2,4899,3630,8677,
2,4899,3630,8677,
2,4899,3630,8677,
2,4899,3630,8677,
2,4899,3630,8677,
2,4899,3630,8677,
2,4899,3630,8677,
1,4899,3630,8677,
1,4899,3630,8677,
7,1250,724,5028,
7,1250,724,5028,
7,1250,724,5028,
7,1250,724,5028,
5,1243,720,5021,
7,1250,724,5028,
7,1250,724,5028,
3,4899,3630,8677,
1,4899,3630,8677,
10,4899,3630,8677,
10,4899,3630,8677,
10,4899,3630,8677,
10,4899,3630,8677,
10,4899,3630,8677,
10,4899,3630,8677,
10,4899,3630,8677,
10,4899,3630,8677,
10,4899,3630,8677,
10,4899,3630,8677,
10,4899,3630,8677,
5,3599,2832,7377,
2,3353,2198,7131,
5,3599,2832,7377,
5,3599,2832,7377,
5,3599,2832,7377,
5,3599,2832,7377,
5,3599,2832,7377,
5,3599,2832,7377,
5,3599,2832,7377,
5,3599,2832,7377,
5,3599,2832,7377,
9,3599,2832,7377,
23,1750,1082,5528,
27,1779,1112,5557,
92,2807,1447,6585,
74,2568,1374,6346,
102,3353,2198,7131,
102,3353,2198,7131,
102,3353,2198,7131,
135,4899,3630,8677,
135,4899,3630,8677,
135,4899,3630,8677,
22,2626,1381,6404,
27,2804,1446,6582,
50,4899,3630,8677,
20,2586,1376,6364,
3,1609,963,5387,
27,4052,3315,7830,
10,2804,1446,6582,
0,310,164,4088,
0,310,164,4088,
22,4899,3630,8677,
6,4899,3630,8677,
2,4899,3630,8677,
11,1779,1112,5557,
11,1779,1112,5557,
7,1851,1154,5629,
7,1851,1154,5629,
7,1851,1154,5629,
7,1851,1154,5629,
8,2761,1433,6539,
1,1079,542,4857,
15,4011,3294,7789,
4,1367,774,5145,
6,1849,1153,5627,
3,3599,2832,7377,
3,3599,2832,7377,
10,2804,1446,6582,
17,3599,2832,7377,
40,2623,1381,6401,
0,515,185,4293,
75,4899,3630,8677,
16,1192,609,4970,
19,1302,745,5080,
117,2804,1446,6582,
35,1715,1059,5493,
152,3599,2832,7377,
12,1049,519,4827,
0,310,164,4088,
0,310,164,4088,
0,310,164,4088,
0,310,164,4088,
1,2481,1356,6259,
178,4795,3592,8573,
141,3492,2446,7270,
180,4899,3630,8677,
9,2260,1252,6038,
6,3599,2832,7377,
3,4899,3630,8677,
22,4899,3630,8677,
22,4899,3630,8677,
118,2561,1372,6339,
118,2561,1372,6339,
38,1371,775,5149,
108,2424,1331,6202,
156,3494,2447,7272,
172,3698,3030,7476,
22,4899,3630,8677,
22,4899,3630,8677,
22,4899,3630,8677,
22,4899,3630,8677,
22,4899,3630,8677,
22,4899,3630,8677,
20,4899,3630,8677,
19,2913,1498,6691,
0,976,462,4754,
5,3386,2338,7164,
6,3386,2338,7164,
12,2141,1231,5919,
7,1981,1199,5759,
59,4471,3544,8249,
59,4471,3544,8249,
59,4471,3544,8249,
57,4464,3543,8242,
59,4471,3544,8249,
0,942,431,4720,
0,624,198,4402,
3,1313,748,5091,
7,1677,1018,5455,
7,1677,1018,5455,
6,1630,968,5408,
17,4011,3294,7789,
17,4011,3294,7789,
17,4011,3294,7789,
4,4899,3630,8677,
42,2561,1372,6339,
42,2561,1372,6339,
77,4025,3300,7803,
77,4025,3300,7803,
82,4578,3561,8356,
5,827,333,4605,
5,4899,3630,8677,
5,4899,3630,8677,
5,4899,3630,8677,
11,2226,1249,6004,
16,2561,1372,6339,
31,4899,3630,8677,
31,4899,3630,8677,
31,4899,3630,8677,
16,2561,1372,6339,
31,4899,3630,8677,
31,4899,3630,8677,
31,4899,3630,8677,
5,1515,885,5293,
5,1515,885,5293,
4,4746,3587,8524,
6,4669,3573,8447,
6,4669,3573,8447,
10,4857,3610,8635,
2,3130,1834,6908,
4,4746,3587,8524,
6,4858,3611,8636,
7,4858,3611,8636,
2,1540,905,5318,
3,4669,3573,8447,
3,4669,3573,8447,
3,4669,3573,8447,
3,4669,3573,8447,
3,4669,3573,8447,
3,4669,3573,8447,
3,4669,3573,8447,
8,4830,3599,8608,
2,1435,807,5213,
3,4899,3630,8677,
2,1435,807,5213,
3,4899,3630,8677,
3,4899,3630,8677,
3,4899,3630,8677,
2,3563,2694,7341,
4,2761,1433,6539,
0,1523,889,5301,
0,1523,889,5301,
6,4760,3590,8538,
4,4320,3504,8098,
5,4899,3630,8677,
5,4794,3592,8572,
1,1735,1070,5513,
8,4861,3612,8639,
5,4861,3612,8639,
6,3599,2832,7377,
4,3599,2832,7377,
2,3566,2703,7344,
2,3566,2703,7344,
2,3566,2703,7344,
2,3566,2703,7344,
2,3566,2703,7344,
2,3566,2703,7344,
2,3566,2703,7344,
2,3566,2703,7344,
2,3566,2703,7344,
2,3566,2703,7344,
2,3566,2703,7344,
2,3566,2703,7344,
2,3566,2703,7344,
2,3566,2703,7344,
2,3566,2703,7344,
2,3566,2703,7344,
2,3566,2703,7344,
2,3566,2703,7344,
2,3566,2703,7344,
2,3566,2703,7344,
2,3566,2703,7344,
2,3566,2703,7344,
2,3566,2703,7344,
2,3566,2703,7344,
2,3566,2703,7344,
2,3566,2703,7344,
4,3991,3259,7769,
3,3991,3259,7769,
5,4834,3599,8612,
3,3991,3259,7769,
19,4380,3538,8158,
9,2270,1256,6048,
7,2270,1256,6048,
20,4380,3538,8158,
0,792,311,4570,
8,2402,1326,6180,
22,4899,3630,8677,
22,4899,3630,8677,
22,4899,3630,8677,
22,4899,3630,8677,
22,4899,3630,8677,
22,4899,3630,8677,
22,4899,3630,8677,
22,4899,3630,8677,
22,4899,3630,8677,
22,4899,3630,8677,
22,4899,3630,8677,
22,4899,3630,8677,
22,4899,3630,8677,
22,4899,3630,8677,
22,4899,3630,8677,
22,4899,3630,8677,
22,4899,3630,8677,
22,4899,3630,8677,
22,4899,3630,8677,
22,4899,3630,8677,
22,4899,3630,8677,
22,4899,3630,8677,
22,4899,3630,8677,
22,4899,3630,8677,
22,4899,3630,8677,
22,4899,3630,8677,
22,4899,3630,8677,
22,4899,3630,8677,
22,4899,3630,8677,
22,4899,3630,8677,
22,4899,3630,8677,
22,4899,3630,8677,
22,4899,3630,8677,
22,4899,3630,8677,
22,4899,3630,8677,
22,4899,3630,8677,
22,4899,3630,8677,
22,4899,3630,8677,
22,4899,3630,8677,
22,4899,3630,8677,
22,4899,3630,8677,
22,4899,3630,8677,
22,4899,3630,8677,
22,4899,3630,8677,
22,4899,3630,8677,
22,4899,3630,8677,
22,4899,3630,8677,
22,4899,3630,8677,
22,4899,3630,8677,
22,4899,3630,8677,
22,4899,3630,8677,
22,4899,3630,8677,
22,4899,3630,8677,
22,4899,3630,8677,
22,4899,3630,8677,
22,4899,3630,8677,
22,4899,3630,8677,
22,4899,3630,8677,
22,4899,3630,8677,
22,4899,3630,8677,
22,4899,3630,8677,
22,4899,3630,8677,
22,4899,3630,8677,
22,4899,3630,8677,
22,4899,3630,8677,
22,4899,3630,8677,
22,4899,3630,8677,
22,4899,3630,8677,
22,4899,3630,8677,
22,4899,3630,8677,
22,4899,3630,8677,
22,4899,3630,8677,
22,4899,3630,8677,
22,4899,3630,8677,
22,4899,3630,8677,
22,4899,3630,8677,
22,4899,3630,8677,
22,4899,3630,8677,
22,4899,3630,8677,
22,4899,3630,8677,
22,4899,3630,8677,
22,4899,3630,8677,
22,4899,3630,8677,
22,4899,3630,8677,
22,4899,3630,8677,
22,4899,3630,8677,
22,4899,3630,8677,
22,4899,3630,8677,
22,4899,3630,8677,
22,4899,3630,8677,
22,4899,3630,8677,
22,4899,3630,8677,
22,4899,3630,8677,
22,4899,3630,8677,
0,1195,614,4973,
11,4899,3630,8677,
7,4899,3630,8677,
0,1193,614,4971,
0,1193,614,4971,
0,1193,614,4971,
0,1193,614,4971,
0,1193,614,4971,
0,1193,614,4971,
0,1193,614,4971,
0,1193,614,4971,
0,1193,614,4971,
0,1193,614,4971,
0,1193,614,4971,
177,4899,3630,8677,
1,1193,614,4971,
22,4899,3630,8677,
135,4899,3630,8677,
180,4899,3630,8677,
1,4899,3630,8677,
0,1193,614,4971,
0,1193,614,4971,
0,1193,614,4971,
180,4899,3630,8677,
0,1193,614,4971,
177,4899,3630,8677,
1,1193,614,4971,
1,1193,614,4971,
0,1193,614,4971,
0,1193,614,4971,
180,4899,3630,8677,
0,1193,614,4971,
14,3855,3117,7633,
24,396,174,4174,
81,3621,2869,7399,
85,3827,3101,7605,
80,3605,2866,7383,
6,260,145,4038,
64,2530,1369,6308,
4,260,145,4038,
12,4899,3630,8677,
2,287,153,4065,
6,3605,2866,7383,
6,3605,2866,7383,
6,3605,2866,7383,
43,601,188,4379,
43,601,188,4379,
4,105,94,3883,
40,570,188,4348,
2,72,75,3850,
43,601,188,4379,
43,601,188,4379,
43,601,188,4379,
43,601,188,4379,
43,601,188,4379,
43,601,188,4379,
43,601,188,4379,
22,345,168,4123,
4,453,181,4231,
0,261,145,4039,
0,261,145,4039,
3,601,188,4379,
3,601,188,4379,
3,601,188,4379,
3,601,188,4379,
0,288,153,4066,
27,601,188,4379,
27,601,188,4379,
34,601,188,4379,
26,421,177,4199,
34,601,188,4379,
7,288,153,4066,
7,288,153,4066,
5,270,151,4048,
20,422,177,4200,
1,154,110,3932,
31,1609,963,5387,
1,291,153,4069,
8,4899,3630,8677,
2,1093,555,4871,
30,3621,2869,7399,
2,329,168,4107,
1,341,168,4119,
2,460,181,4238,
6,3605,2866,7383,
8,4899,3630,8677,
8,4899,3630,8677,
7,3621,2869,7399,
7,3621,2869,7399,
34,3621,2869,7399,
1,131,100,3909,
1,131,100,3909,
13,396,174,4174,
1,131,100,3909,
34,3621,2869,7399,
34,3621,2869,7399,
8,3621,2869,7399,
8,3621,2869,7399,
8,3621,2869,7399,
8,3621,2869,7399,
4,3621,2869,7399,
1,130,100,3908,
7,3621,2869,7399,
1,130,100,3908,
8,437,177,4215,
5,154,110,3932,
17,3564,2694,7342,
17,3564,2694,7342,
19,3621,2869,7399,
19,3621,2869,7399,
19,3621,2869,7399,
19,3621,2869,7399,
19,3621,2869,7399,
15,3621,2869,7399,
15,3621,2869,7399,
11,413,175,4191,
23,3621,2869,7399,
20,3621,2869,7399,
0,139,101,3917,
5,3621,2869,7399,
5,3621,2869,7399,
5,3621,2869,7399,
3,3377,2320,7155,
3,3377,2320,7155,
3,3377,2320,7155,
3,3377,2320,7155,
18,3171,1931,6949,
14,2419,1329,6197,
18,3171,1931,6949,
14,2419,1329,6197,
6,3377,2320,7155,
6,3377,2320,7155,
6,3377,2320,7155,
5,552,186,4330,
21,3621,2869,7399,
1,389,173,4167,
21,3621,2869,7399,
1,389,173,4167,
21,3621,2869,7399,
3,495,184,4273,
13,3621,2869,7399,
6,3621,2869,7399,
6,3621,2869,7399,
6,3621,2869,7399,
1,164,110,3942,
10,3621,2869,7399,
10,3621,2869,7399,
10,3621,2869,7399,
18,3621,2869,7399,
1,167,110,3945,
1,167,110,3945,
0,154,110,3932,
18,3621,2869,7399,
18,3621,2869,7399,
3,396,174,4174,
0,136,100,3914,
7,1073,532,4851,
5,3600,2834,7378,
5,3622,2905,7400,
7,3622,2905,7400,
7,3622,2905,7400,
25,3621,2869,7399,
25,3621,2869,7399,
25,3621,2869,7399,
4,332,168,4110,
31,3621,2869,7399,
31,3621,2869,7399,
5,3621,2869,7399,
5,3621,2869,7399,
5,3621,2869,7399,
5,3621,2869,7399,
5,3621,2869,7399,
5,3896,3136,7674,
3,425,177,4203,
0,341,168,4119,
0,341,168,4119,
0,271,151,4049,
0,271,151,4049,
0,271,151,4049,
0,271,151,4049,
8,3620,2869,7398,
8,3620,2869,7398,
8,3620,2869,7398,
8,3620,2869,7398,
8,3620,2869,7398,
8,3620,2869,7398,
8,3620,2869,7398,
8,3620,2869,7398,
1,127,99,3905,
1,127,99,3905,
1,127,99,3905,
2,165,110,3943,
1,129,99,3907,
1,129,99,3907,
2,428,177,4206,
2,428,177,4206,
2,428,177,4206,
2,428,177,4206,
2,428,177,4206,
2,428,177,4206,
5,640,205,4418,
5,640,205,4418,
5,640,205,4418,
5,640,205,4418,
5,640,205,4418,
5,640,205,4418,
5,640,205,4418,
5,640,205,4418,
5,640,205,4418,
5,640,205,4418,
5,640,205,4418,
5,640,205,4418,
1,139,101,3917,
1,139,101,3917,
1,139,101,3917,
1,139,101,3917,
1,139,101,3917,
1,139,101,3917,
1,139,101,3917,
1,139,101,3917,
1,139,101,3917,
1,139,101,3917,
1,139,101,3917,
1,139,101,3917,
1,434,177,4212,
1,434,177,4212,
6,3620,2869,7398,
6,3620,2869,7398,
6,3620,2869,7398,
6,3620,2869,7398,
0,174,111,3952,
0,174,111,3952,
0,174,111,3952,
0,174,111,3952,
2,596,188,4374,
2,596,188,4374,
2,596,188,4374,
2,596,188,4374,
2,596,188,4374,
2,596,188,4374,
2,596,188,4374,
2,596,188,4374,
18,3658,2982,7436,
18,3658,2982,7436,
18,3658,2982,7436,
18,3658,2982,7436,
18,3658,2982,7436,
13,3765,3078,7543,
10,3621,2869,7399,
12,3658,2982,7436,
11,3653,2980,7431,
10,3621,2869,7399,
10,3621,2869,7399,
5,3658,2982,7436,
13,3658,2982,7436,
13,3658,2982,7436,
9,3765,3078,7543,
9,3765,3078,7543,
1,589,188,4367,
11,3655,2982,7433,
11,3655,2982,7433,
11,3655,2982,7433,
4,972,459,4750,
4,972,459,4750,
4,972,459,4750,
4,972,459,4750,
4,972,459,4750,
4,972,459,4750,
15,3764,3078,7542,
6,3655,2982,7433,
6,3655,2982,7433,
6,3655,2982,7433,
1,357,170,4135,
1,357,170,4135,
1,357,170,4135,
0,357,170,4135,
6,3655,2982,7433,
6,3655,2982,7433,
6,3655,2982,7433,
4,314,165,4092,
4,314,165,4092,
5,319,165,4097,
3,139,101,3917,
3,139,101,3917,
20,3171,1931,6949,
4,314,165,4092,
4,314,165,4092,
4,314,165,4092,
3,139,101,3917,
3,139,101,3917,
19,3149,1868,6927,
3,139,101,3917,
3,139,101,3917,
3,139,101,3917,
3,139,101,3917,
3,139,101,3917,
3,139,101,3917,
1,35,42,3813,
2,327,166,4105,
72,4899,3630,8677,
72,4899,3630,8677,
1,436,177,4214,
0,435,177,4213,
6,3658,2982,7436,
0,435,177,4213,
0,435,177,4213,
0,972,459,4750,
1,965,452,4743,
1,965,452,4743,
21,303,157,4081,
22,4899,3630,8677,
47,2912,1498,6690,
47,2912,1498,6690,
15,4899,3630,8677,
15,4899,3630,8677,
4,4899,3630,8677,
12,4899,3630,8677,
12,4899,3630,8677,
11,1688,1029,5466,
12,4899,3630,8677,
0,181,112,3959,
5,4899,3630,8677,
5,4899,3630,8677,
5,4899,3630,8677,
8,4899,3630,8677,
6,4899,3630,8677,
6,4899,3630,8677,
2,1700,1052,5478,
5,4899,3630,8677,
11,1743,1075,5521,
11,1743,1075,5521,
11,1743,1075,5521,
11,1743,1075,5521,
12,4899,3630,8677,
8,1550,916,5328,
12,4899,3630,8677,
1,1038,502,4816,
1,1038,502,4816,
12,4899,3630,8677,
12,4899,3630,8677,
8,4899,3630,8677,
4,4899,3630,8677,
1,936,418,4714,
1,936,418,4714,
1,4899,3630,8677,
11,4899,3630,8677,
4,4899,3630,8677,
5,4899,3630,8677,
5,4899,3630,8677,
5,4899,3630,8677,
4,4899,3630,8677,
11,4899,3630,8677,
11,4899,3630,8677,
11,4899,3630,8677,
5,4899,3630,8677,
5,4899,3630,8677,
4,4899,3630,8677,
3,4899,3630,8677,
3,4899,3630,8677,
2,1743,1075,5521,
6,2833,1455,6611,
0,710,245,4488,
0,710,245,4488,
0,710,245,4488,
0,710,245,4488,
0,710,245,4488,
3,1164,592,4942,
1,710,245,4488,
0,710,245,4488,
0,710,245,4488,
1,1164,592,4942,
1,1164,592,4942,
1,1164,592,4942,
0,710,245,4488,
0,710,245,4488,
0,710,245,4488,
0,710,245,4488,
3,2127,1228,5905,
3,2127,1228,5905,
3,2127,1228,5905,
3,2127,1228,5905,
3,2127,1228,5905,
3,2127,1228,5905,
5,1204,624,4982,
5,1204,624,4982,
5,1204,624,4982,
3,4899,3630,8677,
9,4899,3630,8677,
0,876,378,4654,
0,876,378,4654,
5,859,376,4637,
5,232,139,4010,
3,867,377,4645,
4,1027,487,4805,
4,1027,487,4805,
4,1027,487,4805,
1,103,91,3881,
10,4899,3630,8677,
10,4899,3630,8677,
3,4899,3630,8677,
3,4899,3630,8677,
3,4899,3630,8677,
3,4899,3630,8677,
3,666,219,4444,
3,666,219,4444,
13,4899,3630,8677,
13,4899,3630,8677,
13,4899,3630,8677,
13,4899,3630,8677,
13,4899,3630,8677,
1,653,212,4431,
8,3541,2610,7319,
8,3541,2610,7319,
8,3541,2610,7319,
4,865,377,4643,
0,690,235,4468,
2,852,373,4630,
4,865,377,4643,
9,879,382,4657,
7,873,378,4651,
5,872,378,4650,
6,1204,624,4982,
7,1217,643,4995,
19,4899,3630,8677,
4,1199,616,4977,
4,899,389,4677,
0,892,386,4670,
1,975,462,4753,
1,975,462,4753,
1,975,462,4753,
1,975,462,4753,
1,975,462,4753,
1,975,462,4753,
1,975,462,4753,
1,975,462,4753,
1,975,462,4753,
1,975,462,4753,
1,975,462,4753,
5,4899,3630,8677,
5,4899,3630,8677,
2,879,382,4657,
6,4899,3630,8677,
6,4899,3630,8677,
7,4899,3630,8677,
6,885,383,4663,
4,876,378,4654,
2,4899,3630,8677,
4,4899,3630,8677,
16,4899,3630,8677,
8,4899,3630,8677,
7,4899,3630,8677,
1,4899,3630,8677,
8,2845,1461,6623,
6,4899,3630,8677,
0,143,103,3921,
1,1223,669,5001,
1,1223,669,5001,
1,1223,669,5001,
0,1166,592,4944,
2,1837,1151,5615,
2,1837,1151,5615,
2,1837,1151,5615,
1,310,164,4088,
3,1837,1151,5615,
0,696,238,4474,
0,696,238,4474,
0,696,238,4474,
2,1837,1151,5615,
2,1211,635,4989,
2,1211,635,4989,
2,1211,635,4989,
2,1211,635,4989,
2,1211,635,4989,
2,4899,3630,8677,
2,4899,3630,8677,
0,1193,614,4971,
0,1193,614,4971,
0,1193,614,4971,
0,1193,614,4971,
2,1193,614,4971,
2,1193,614,4971,
1,815,325,4593,
1,815,325,4593,
1,815,325,4593,
1,815,325,4593,
2,4899,3630,8677,
2,815,325,4593,
2,815,325,4593,
2,4899,3630,8677,
2,4899,3630,8677,
2,4899,3630,8677,
2,4899,3630,8677,
2,4899,3630,8677,
2,4899,3630,8677,
2,4899,3630,8677,
2,4899,3630,8677,
2,4899,3630,8677,
2,4899,3630,8677,
2,4899,3630,8677,
1,815,325,4593,
1,815,325,4593,
1,815,325,4593,
1,815,325,4593,
1,815,325,4593,
3,4899,3630,8677,
2,4899,3630,8677,
1,1193,614,4971,
0,1193,614,4971,
0,1193,614,4971,
1,1193,614,4971,
1,1193,614,4971,
3,1193,614,4971,
3,1193,614,4971,
0,1193,614,4971,
0,1193,614,4971,
0,1193,614,4971,
0,1193,614,4971,
0,1193,614,4971,
0,1193,614,4971,
0,1193,614,4971,
0,1193,614,4971,
9,4899,3630,8677,
15,4899,3630,8677,
2,1617,965,5395,
28,2010,1207,5788,
14,1623,967,5401,
26,1982,1200,5760,
29,4899,3630,8677,
28,2010,1207,5788,
28,2010,1207,5788,
28,2010,1207,5788,
28,2010,1207,5788,
28,2010,1207,5788,
29,4899,3630,8677,
28,2010,1207,5788,
28,2010,1207,5788,
28,2010,1207,5788,
29,4899,3630,8677,
12,4899,3630,8677,
2,929,414,4707,
2,929,414,4707,
0,7,20,3785,
0,7,20,3785,
0,7,20,3785,
0,7,20,3785,
0,7,20,3785,
0,7,20,3785,
0,7,20,3785,
0,7,20,3785,
0,7,20,3785,
0,7,20,3785,
0,7,20,3785,
0,7,20,3785,
0,7,20,3785,
1,4899,3630,8677,
1,4899,3630,8677,
2,4899,3630,8677,
1,4899,3630,8677,
1,4899,3630,8677,
0,926,414,4704,
6,4899,3630,8677,
1,4899,3630,8677,
2,4899,3630,8677,
1,4899,3630,8677,
4,4899,3630,8677,
4,4899,3630,8677,
4,4899,3630,8677,
4,4899,3630,8677,
8,4899,3630,8677,
2,4899,3630,8677,
1,4899,3630,8677,
1,4899,3630,8677,
1,4899,3630,8677,
1,4899,3630,8677,
1,4899,3630,8677,
2,4899,3630,8677,
1,4899,3630,8677,
1,4899,3630,8677,
1,4899,3630,8677,
0,835,355,4613,
2,4899,3630,8677,
2,4899,3630,8677,
1,4899,3630,8677,
1,4899,3630,8677,
1,4899,3630,8677,
1,4899,3630,8677,
1,4899,3630,8677,
1,925,414,4703,
2,4899,3630,8677,
1,4899,3630,8677,
1,4899,3630,8677,
1,4899,3630,8677,
0,754,290,4532,
0,754,290,4532,
1,4899,3630,8677,
0,929,414,4707,
1,4899,3630,8677,
1,4899,3630,8677,
1,4899,3630,8677,
1,4899,3630,8677,
1,929,414,4707,
0,331,168,4109,
0,331,168,4109,
4,4899,3630,8677,
4,4899,3630,8677,
4,4899,3630,8677,
4,4899,3630,8677,
1,4899,3630,8677,
1,4899,3630,8677,
0,919,411,4697,
0,919,411,4697,
1,4899,3630,8677,
1,4899,3630,8677,
1,4899,3630,8677,
1,4899,3630,8677,
1,4899,3630,8677,
2,4899,3630,8677,
2,4899,3630,8677,
1,4899,3630,8677,
2,1296,744,5074,
0,626,199,4404,
8,1678,1019,5456,
0,310,164,4088,
1,834,355,4612,
0,1192,609,4970,
1,4899,3630,8677,
1,4899,3630,8677,
1,4899,3630,8677,
3,1677,1018,5455,
7,1678,1019,5456,
7,1678,1019,5456,
6,1677,1018,5455,
8,1678,1019,5456,
8,1678,1019,5456,
0,1031,492,4809,
0,1031,492,4809,
0,1031,492,4809,
0,1031,492,4809,
0,1031,492,4809,
0,1031,492,4809,
0,1031,492,4809,
1,1288,742,5066,
1,1288,742,5066,
11,1677,1018,5455,
4,1030,491,4808,
9,1618,965,5396,
18,1894,1168,5672,
3,766,297,4544,
18,1894,1168,5672,
18,1894,1168,5672,
18,1894,1168,5672,
18,1894,1168,5672,
18,1894,1168,5672,
18,1894,1168,5672,
18,1894,1168,5672,
18,1894,1168,5672,
18,1894,1168,5672,
2,1151,587,4929,
5,2086,1219,5864,
14,4899,3630,8677,
13,2571,1374,6349,
2,4899,3630,8677,
1,1408,794,5186,
1,4899,3630,8677,
1,4899,3630,8677,
2,4899,3630,8677,
2,4899,3630,8677,
2,4899,3630,8677,
3,4899,3630,8677,
3,4899,3630,8677,
5,2564,1372,6342,
5,2564,1372,6342,
5,2564,1372,6342,
0,199,121,3977,
3,941,426,4719,
3,941,426,4719,
3,4899,3630,8677,
1,393,173,4171,
22,4899,3630,8677,
22,4899,3630,8677,
22,4899,3630,8677,
8,3501,2452,7279,
7,3851,3115,7629,
11,4320,3504,8098,
5,96,80,3874,
5,96,80,3874,
5,4899,3630,8677,
8,4899,3630,8677,
4,1394,784,5172,
4,1394,784,5172,
4,1394,784,5172,
4,1394,784,5172,
2,2662,1391,6440,
2,2662,1391,6440,
14,4899,3630,8677,
14,4899,3630,8677,
2,1503,874,5281,
2,1503,874,5281,
2,1503,874,5281,
2,1503,874,5281,
2,1503,874,5281,
9,1965,1196,5743,
9,1965,1196,5743,
1,1261,727,5039,
1,1261,727,5039,
2,3546,2650,7324,
2,3546,2650,7324,
5,4899,3630,8677,
5,4899,3630,8677,
5,4899,3630,8677,
5,4899,3630,8677,
5,4899,3630,8677,
5,4899,3630,8677,
5,4899,3630,8677,
5,4899,3630,8677,
5,4899,3630,8677,
5,4899,3630,8677,
5,4899,3630,8677,
5,4899,3630,8677,
5,4899,3630,8677,
5,4899,3630,8677,
5,4899,3630,8677,
5,4899,3630,8677,
5,4899,3630,8677,
5,4899,3630,8677,
5,4899,3630,8677,
5,4899,3630,8677,
5,4899,3630,8677,
5,4899,3630,8677,
5,4899,3630,8677,
5,4899,3630,8677,
5,4899,3630,8677,
5,4899,3630,8677,
5,4899,3630,8677,
5,4899,3630,8677,
4,4899,3630,8677,
4,4899,3630,8677,
4,4899,3630,8677,
3,3492,2446,7270,
8,4899,3630,8677,
1,670,223,4448,
4,4899,3630,8677,
4,4899,3630,8677,
4,4899,3630,8677,
5,4899,3630,8677,
5,4899,3630,8677,
5,4899,3630,8677,
4,4899,3630,8677,
4,4899,3630,8677,
4,4899,3630,8677,
1,1454,827,5232,
1,3546,2650,7324,
1,3546,2650,7324,
1,3546,2650,7324,
4,677,227,4455,
8,4899,3630,8677,
2,677,227,4455,
7,1065,530,4843,
1,145,105,3923,
3,157,110,3935,
4,73,77,3851,
4,73,77,3851,
0,73,77,3851,
1,73,77,3851,
1,73,77,3851,
1,73,77,3851,
0,18,29,3796,
0,18,29,3796,
0,18,29,3796,
0,18,29,3796,
0,18,29,3796,
7,55,71,3833,
8,64,74,3842,
7,55,71,3833,
8,64,74,3842,
4,216,129,3994,
3,64,74,3842,
3,278,151,4056,
1,264,150,4042,
3,97,82,3875,
3,97,82,3875,
1,55,71,3833,
1,55,71,3833,
1,55,71,3833,
0,18,29,3796,
0,18,29,3796,
0,18,29,3796,
0,18,29,3796,
0,18,29,3796,
0,18,29,3796,
0,18,29,3796,
0,18,29,3796,
0,17,29,3795,
8,278,151,4056,
8,278,151,4056,
8,278,151,4056,
11,278,151,4056,
1,278,151,4056,
5,278,151,4056,
1,4899,3630,8677,
4,215,126,3993,
0,278,151,4056,
0,278,151,4056,
8,278,151,4056,
9,1065,530,4843,
4,52,63,3830,
11,278,151,4056,
11,278,151,4056,
11,278,151,4056,
11,278,151,4056,
11,278,151,4056,
7,278,151,4056,
0,201,122,3979,
6,52,63,3830,
5,51,60,3829,
13,278,151,4056,
13,278,151,4056,
13,278,151,4056,
13,278,151,4056,
13,278,151,4056,
13,278,151,4056,
13,278,151,4056,
13,278,151,4056,
13,278,151,4056,
13,278,151,4056,
13,278,151,4056,
13,278,151,4056,
13,278,151,4056,
7,97,82,3875,
4,52,63,3830,
10,278,151,4056,
10,278,151,4056,
10,278,151,4056,
10,278,151,4056,
10,278,151,4056,
10,278,151,4056,
10,278,151,4056,
10,278,151,4056,
10,278,151,4056,
10,278,151,4056,
10,278,151,4056,
10,278,151,4056,
10,278,151,4056,
10,278,151,4056,
5,52,63,3830,
11,264,150,4042,
11,264,150,4042,
11,264,150,4042,
11,264,150,4042,
11,264,150,4042,
11,264,150,4042,
0,55,71,3833,
0,55,71,3833,
1,97,82,3875,
1,97,82,3875,
1,1427,803,5205,
1,1427,803,5205,
1,1427,803,5205,
5,1987,1202,5765,
6,2037,1210,5815,
4,1965,1196,5743,
6,2037,1210,5815,
6,2037,1210,5815,
6,2020,1208,5798,
4,1483,855,5261,
3,922,413,4700,
5,932,416,4710,
2,1233,713,5011,
1,1065,530,4843,
3,1439,810,5217,
3,1439,810,5217,
8,1547,911,5325,
6,2735,1421,6513,
4,1547,911,5325,
3,4899,3630,8677,
42,2672,1393,6450,
0,1205,625,4983,
0,1205,625,4983,
0,28,33,3806,
0,451,181,4229,
2,696,238,4474,
15,696,238,4474,
15,696,238,4474,
15,696,238,4474,
15,696,238,4474,
11,696,238,4474,
11,696,238,4474,
11,696,238,4474,
1,28,33,3806,
1,28,33,3806,
1,28,33,3806,
7,4899,3630,8677,
43,1194,614,4972,
37,1159,592,4937,
37,1159,592,4937,
2,4899,3630,8677,
3,1418,796,5196,
1,736,275,4514,
3,1418,796,5196,
1,29,34,3807,
16,4899,3630,8677,
1,1364,772,5142,
7,1943,1186,5721,
0,650,210,4428,
4,1943,1186,5721,
4,1943,1186,5721,
4,1943,1186,5721,
4,1943,1186,5721,
13,1157,591,4935,
28,1622,967,5400,
46,2794,1445,6572,
46,2794,1445,6572,
39,1780,1117,5558,
46,1927,1174,5705,
39,1780,1117,5558,
22,1501,874,5279,
46,1927,1174,5705,
11,1501,874,5279,
8,1943,1186,5721,
9,4899,3630,8677,
2,810,319,4588,
3,817,325,4595,
2,810,319,4588,
0,821,331,4599,
0,310,164,4088,
0,310,164,4088,
5,1936,1184,5714,
2,4899,3630,8677,
2,4899,3630,8677,
2,4899,3630,8677,
2,4899,3630,8677,
2,4899,3630,8677,
2,4899,3630,8677,
8,2720,1417,6498,
9,1367,774,5145,
22,4899,3630,8677,
16,1849,1153,5627,
21,1943,1186,5721,
9,1367,774,5145,
5,687,235,4465,
17,4899,3630,8677,
17,4899,3630,8677,
10,1965,1196,5743,
16,2020,1208,5798,
12,4899,3630,8677,
12,4899,3630,8677,
3,1033,492,4811,
3,1033,492,4811,
2,4899,3630,8677,
2,4899,3630,8677,
2,4899,3630,8677,
0,731,270,4509,
15,1943,1186,5721,
15,1943,1186,5721,
15,1943,1186,5721,
15,1943,1186,5721,
6,1943,1186,5721,
13,1937,1184,5715,
18,2020,1208,5798,
4,935,417,4713,
5,1288,742,5066,
0,515,185,4293,
22,1927,1174,5705,
6,1936,1184,5714,
122,4899,3630,8677,
39,1305,747,5083,
77,1937,1184,5715,
14,731,270,4509,
1,149,109,3927,
43,1367,774,5145,
81,1965,1196,5743,
0,310,164,4088,
0,310,164,4088,
0,310,164,4088,
0,310,164,4088,
0,310,164,4088,
8,1936,1184,5714,
9,1943,1186,5721,
1,4899,3630,8677,
1,4899,3630,8677,
1,4899,3630,8677,
66,1937,1184,5715,
66,1937,1184,5715,
66,1937,1184,5715,
66,1937,1184,5715,
66,1937,1184,5715,
66,1937,1184,5715,
7,632,200,4410,
1,4899,3630,8677,
2,4899,3630,8677,
4,1894,1168,5672,
5,1786,1130,5564,
5,1786,1130,5564,
2,771,297,4549,
5,1786,1130,5564,
4,1894,1168,5672,
1,1367,774,5145,
5,2020,1208,5798,
2,2020,1208,5798,
2,2020,1208,5798,
4,1540,905,5318,
5,2045,1211,5823,
2,1934,1179,5712,
2,1891,1166,5669,
3,1934,1179,5712,
5,2045,1211,5823,
3,1894,1168,5672,
1,4899,3630,8677,
1,4899,3630,8677,
1,4899,3630,8677,
1,4899,3630,8677,
0,199,121,3977,
3,1934,1179,5712,
3,1934,1179,5712,
3,1934,1179,5712,
2,1891,1166,5669,
2,1891,1166,5669,
2,1539,905,5317,
3,1894,1168,5672,
4,1954,1191,5732,
2,1894,1168,5672,
2,1832,1150,5610,
3,1894,1168,5672,
2,1954,1191,5732,
12,2688,1399,6466,
12,2688,1399,6466,
3,4899,3630,8677,
4,4899,3630,8677,
0,2688,1399,6466,
1,1361,772,5139,
1,1361,772,5139,
0,2688,1399,6466,
0,2688,1399,6466,
0,2688,1399,6466,
0,2688,1399,6466,
0,2688,1399,6466,
3,1427,803,5205,
3,1427,803,5205,
3,1427,803,5205,
14,1543,905,5321,
3,1065,530,4843,
14,4899,3630,8677,
1,985,475,4763,
1,985,475,4763,
1,985,475,4763,
10,1502,874,5280,
10,1502,874,5280,
0,670,223,4448,
0,670,223,4448,
12,1856,1156,5634,
0,700,241,4478,
0,700,241,4478,
0,700,241,4478,
0,700,241,4478,
0,700,241,4478,
0,700,241,4478,
0,700,241,4478,
0,700,241,4478,
3,1856,1156,5634,
0,6,19,3784,
2,1781,1117,5559,
2,1781,1117,5559,
2,1781,1117,5559,
0,6,19,3784,
5,4899,3630,8677,
5,4899,3630,8677,
5,4899,3630,8677,
1,670,223,4448,
2,4899,3630,8677,
3,1463,835,5241,
3,4899,3630,8677,
3,1009,482,4787,
2,670,223,4448,
2,670,223,4448,
2,670,223,4448,
2,670,223,4448,
4,995,476,4773,
2,4899,3630,8677,
0,700,241,4478,
0,700,241,4478,
0,700,241,4478,
0,700,241,4478,
0,622,198,4400,
0,622,198,4400,
0,622,198,4400,
0,700,241,4478,
0,700,241,4478,
5,670,223,4448,
3,521,185,4299,
7,680,227,4458,
7,680,227,4458,
3,521,185,4299,
5,670,223,4448,
5,670,223,4448,
5,670,223,4448,
21,1124,577,4902,
5,670,223,4448,
5,670,223,4448,
21,1124,577,4902,
8,700,241,4478,
39,1856,1156,5634,
35,1688,1029,5466,
5,670,223,4448,
6,1856,1156,5634,
0,670,223,4448,
1,521,185,4299,
1,521,185,4299,
2,670,223,4448,
2,670,223,4448,
4,948,443,4726,
9,1124,577,4902,
2,670,223,4448,
2,670,223,4448,
2,670,223,4448,
2,4899,3630,8677,
2,4899,3630,8677,
39,2480,1356,6258,
39,2480,1356,6258,
31,1781,1117,5559,
1,701,241,4479,
0,670,223,4448,
0,670,223,4448,
10,1856,1156,5634,
1,670,223,4448,
16,4899,3630,8677,
12,4899,3630,8677,
